x	y	g
0,687157552	3,56449846	957,05
1,525113215	3,088196431	456,02
1,846529082	3,067840542	407,11
1,39197336	2,897689222	490,74
0,797164088	2,795759527	456,27
0,122471285	2,60380126	836,67
0,605568022	3,721395762	407,41
2,509159593	2,996328749	746,07
1,579686043	2,887823059	960,59
-1,897033198	2,711070027	990,4
-1,879588727	3,530646082	715,23
0,387134721	2,703701674	695,66
2,958521649	2,292058002	634,94
3,382315315	1,350090642	710,32
1,472278937	2,696314186	381,79
1,089564236	3,048302015	486,82
1,704501336	1,886189952	472,2
1,549229199	2,533467292	466,36
1,174680099	2,44418994	503,06
-0,958620055	2,835116336	834,81
-1,114888579	2,345236108	344,97
-0,029827062	3,134065112	662,35
0,750745436	3,073941968	366,31
-0,490978066	2,965766939	467,11
2,307383221	2,816975535	302,05
0,460088169	2,055021478	463,74
1,270149926	3,01814293	507,84
2,797922872	3,138808284	897,33
1,052169014	2,314802679	682,4
2,205436451	2,894971635	909,39
-0,488384827	4,160380738	600,18
-0,185257612	2,396640543	801,81
1,569251866	3,464275202	814,1
-0,856599048	3,089554674	420,59
0,637387673	2,418121242	710,15
-0,248123846	3,54874204	630,04
1,233563715	3,548485421	413,72
1,108437245	3,915898067	616,66
3,090517679	2,673121161	803,47
1,626378433	3,385246082	735,2
2,085945684	2,795692954	505,66
0,367877188	2,92513034	660,49
1,680661479	2,865370561	455,54
1,11724264	4,049929684	549,33
-2,270590954	3,81512535	788,13
0,565170255	3,167473871	757,86
2,065317684	3,130189543	785,8
-1,865408891	4,266143227	556,23
1,222082729	3,188950951	873,23
2,501243573	2,950162445	561,4
0,715731528	2,991890773	935,61
0,666490545	4,118103871	356,57
1,451047704	3,314976123	849,24
2,064723573	2,617239029	536,36
0,488198357	2,694106791	934,33
-0,672975474	3,396387353	862,92
-0,807701477	3,229920639	618,51
-0,946751235	4,266499472	505,61
1,697693497	2,285590567	312,89
3,508142611	2,207922921	609,45
2,576172594	3,021909888	348,8
1,813012427	3,512748628	810,9
1,797679275	3,12756105	447,22
2,627029467	2,391632063	382,84
0,995702489	4,169302415	957,93
1,225139138	3,73455116	504,98
2,10445004	2,002934751	445,13
3,406621998	2,99274558	581,98
1,616579858	2,890242041	802,63
0,061511527	3,416107	451,5
4,697592294	3,060049064	513,98
0,358839627	2,395557659	306,01
2,86108838	3,310393652	533,49
0,261972865	3,042249625	683,91
2,389325952	2,82429297	647,13
0,969446759	3,06032054	661,9
-1,192000035	3,559851062	621,86
1,805442249	2,769061727	724,34
2,360330233	2,949532241	428,69
2,816488529	3,000912566	344,47
-0,341018884	2,920593978	408,4
1,776210531	3,434299029	391,84
-0,824772838	3,119911134	524,96
-1,838633678	3,103225418	440,49
0,886680039	2,646057129	787,17
0,62339798	2,7033498	706,39
0,414282211	3,159125208	987,64
-0,543599748	3,799539911	868,62
2,081048155	2,729433652	576,07
1,573162054	2,736635768	882,99
2,741486548	3,173938298	495,39
1,42987684	3,947214764	327,68
1,685791137	2,944067325	798,12
-0,273251597	2,898826449	929,34
0,526192544	2,539836682	465,06
0,384913316	2,94086816	920,41
-0,014345358	3,661096222	683,77
-0,331966015	2,158501246	333,87
2,144455175	3,457886127	801,42
2,590760166	3,502962147	727,03
4,91302105	1,928669485	725,07
-0,583221733	2,848969078	969,52
0,676211357	2,708651326	407,87
-1,272640281	2,973486626	844,98
0,11468144	2,23490011	648,41
1,780516565	2,56180851	713,91
1,679768439	3,138083999	392,59
2,138305349	3,68915455	525,93
1,073465616	2,311821131	444,73
2,34373109	2,42250054	365,2
1,591926555	3,014664629	332,85
1,70878053	2,657466393	746,66
0,472210672	2,487795273	492,16
0,326246233	3,442648675	652,29
2,820155776	3,152914352	969,92
0,207255163	3,356423052	365,42
1,624900366	3,011774019	660,07
0,644713973	4,034885164	321,94
0,214386591	2,353816415	478,66
1,784582699	2,995314068	896,18
-0,094501748	3,800235852	778,88
0,055217968	2,854608559	972,87
0,49683268	3,028136095	628,95
0,071609978	3,692101316	407,69
0,241688491	3,714328028	518,85
1,810539716	3,684243344	857,92
1,35448765	3,620121181	709,53
1,272945084	2,512057255	934,3
2,622663261	2,751875645	695,6
2,422520787	3,436863572	957,76
3,120512103	2,447013121	987,02
0,830909574	4,02120399	740,37
0,126356799	2,893932123	571,48
2,177384305	3,14745988	991,91
-0,675404485	3,231537098	764,8
-0,092396441	2,865813105	977,4
-0,472377074	3,433009232	714,18
-0,268296903	2,052675778	348,05
0,30803941	2,777220131	630,01
2,716666095	2,345352342	988,69
1,501939762	2,910276681	650,89
2,148103581	2,879511068	690,26
2,436774652	3,411816998	864,17
1,44547397	3,043528314	657,11
1,777710739	4,213238362	350,4
-0,432601415	2,425593584	726,03
3,123803478	2,261512108	579,29
1,096366826	2,687241209	547,94
1,702594322	3,226915836	314,29
2,555897012	2,774992708	712,92
-0,05389276	3,288755827	381,75
2,466064437	1,751264603	626,04
2,396100812	2,640029904	947,33
-0,110482088	3,703991017	547,82
0,714063864	3,573162062	887,81
-4,087814571	2,511705246	516,48
-0,552127683	3,417896994	352,52
0,006110144	3,165413264	408,54
1,715920481	3,285093868	843,77
0,92202719	3,538189614	764,08
2,128939376	2,643711527	993,1
2,399811962	3,217978008	914,98
-0,608327952	2,66179799	872,69
-1,655759168	2,837765678	733,01
1,09240286	3,590573445	406,76
0,458566891	3,021074676	313,83
0,291515208	2,670079097	640,23
3,009081337	2,663975651	598,14
1,334200041	2,399795048	829,78
2,044956437	2,763115441	459,62
-0,996022658	3,222424557	873,57
1,69990555	2,931705925	404,09
0,76305193	1,861214077	739,33
1,339895766	3,62993221	993,96
0,856833379	2,998799848	869,18
0,888509922	3,925786437	702,88
-0,794579035	3,652557345	421,93
1,672532225	2,681332683	710,44
1,051032626	2,602504847	948,29
0,625951944	2,35566583	841,21
1,08309927	2,434106937	746,64
0,865583323	2,019175324	535,58
-2,208236392	3,823208628	843,37
3,062102862	4,662034633	438,3
2,0036626	2,681384776	805,68
-0,01614981	2,920677535	892,41
-0,395984568	3,03193521	895,68
1,174038465	3,222952813	854,18
2,433884439	3,264791849	479,77
2,562760548	2,081847514	543,35
3,185773278	3,147371316	647,97
0,957537649	3,882872349	792,49
1,986939306	1,737373576	586,3
-0,74520767	3,322519669	365,28
-0,029808458	2,246646365	745,74
2,351715797	3,04317809	670,18
0,226911505	3,462177634	923,3
0,119709581	3,610583748	321,69
-0,335333904	2,842824545	373,44
-0,93048928	3,823795111	406,1
1,211639884	2,307579021	753,96
-0,099567694	3,037213	318,27
0,832789716	2,985703421	835,23
2,39182068	3,568969867	526,98
1,405023478	3,793336176	840,81
-0,298031334	3,176700962	316,59
3,55558344	3,271354951	965,52
0,905980531	2,682654271	463,88
1,104731513	3,967970374	347,31
2,435021837	2,551758198	632,28
-0,725379954	3,53524585	842,7
3,628819548	2,448348283	477,49
-1,57339433	3,394542998	323,75
0,671691336	3,182783153	633,57
0,49167148	4,359615845	819,54
2,563697414	2,791035363	501,61
0,59852061	3,256649775	990,02
-1,275432263	2,759493881	891,67
-0,024995264	2,849980309	591,12
-0,042706505	2,526382116	543,53
-0,543275896	2,233284994	321,14
1,462000042	2,834760293	789,95
-0,043160935	2,821238041	421,19
0,423326865	3,241909501	543,36
-0,034533082	3,476912391	782,3
0,803268315	2,956835909	730,44
-0,740081322	3,269114797	982,27
2,822780847	1,108151524	425,39
2,097785849	1,237271341	531,03
1,414320771	3,178227671	509,71
0,896790874	3,178560276	319,74
-0,390732855	3,184997354	588,98
0,547410303	2,533154479	989,52
0,208621258	3,051460854	683,43
-0,274430046	2,666632701	569,29
0,453801758	3,142174298	565,18
0,742249873	2,280446512	678,53
1,334095544	3,234598064	387,03
-0,560687061	2,6158741	521,61
2,385134748	2,948972842	309,92
1,22473754	2,568090737	785,97
-0,460777645	4,057607506	775,11
0,48480702	2,529236447	562,44
1,193786662	2,938324939	460,02
0,91311186	2,194309458	453,04
1,295817196	3,951924322	382,33
2,160273965	2,439591058	598,87
-0,881623968	2,48264905	337
2,0993989	3,168208896	919,38
0,665059564	2,811538712	761,47
0,191937371	3,032552243	780,67
-0,772325912	3,65034343	961,03
-0,047396284	2,578688804	648,04
1,284470223	3,196041966	715,39
-0,790295656	3,543175304	401,22
0,934275288	3,639665136	645,11
2,48138627	2,080936195	322,37
0,246109437	3,664550685	727,27
1,802577441	2,747931248	757,42
1,111231655	3,118490579	481,61
1,014488837	3,039223069	725,51
-1,284218617	3,024307567	941,43
1,155653246	2,917221666	990,19
2,138498851	2,024826648	869,08
1,485595975	3,437936532	602,51
-0,961009313	4,134924671	648,02
2,415824181	2,426706273	679,82
2,928690977	2,556633247	646,49
0,6149015	1,62118686	371,01
1,984655712	2,87349332	448,32
1,029272542	2,622946003	846,56
0,194908197	3,606174341	944,5
2,127050543	3,594740119	507,68
1,556574294	3,264311002	515,83
-0,273851659	3,459592362	853,81
1,479972518	3,501794425	839,2
-0,172263114	2,968892577	556,48
1,831626223	3,441390174	905,49
1,51341471	2,800816891	544,43
2,59375468	3,076104418	403,69
2,142339382	3,122049237	689,36
2,459981408	2,590564836	515,89
2,104666466	3,501116633	997,54
0,378354488	2,642405027	906,26
0,911044191	1,866154761	384,84
1,878564537	2,85508864	650,25
-0,922821173	2,520193764	855,42
2,227605325	3,560634766	882,06
0,611943316	2,892891272	466,86
0,183574283	2,738726842	301,74
2,031555427	2,507410185	610,92
0,316913582	3,034593149	481,42
-0,40209097	4,100137691	439,77
1,916390187	3,140734898	374,61
0,866578371	2,919524174	842,34
0,458762524	3,317150152	954,26
1,734325733	3,314271755	738,76
-1,064104566	1,676330711	322,76
1,06619917	3,299193666	920,8
0,468681602	2,922310369	385,7
2,205219045	2,603704558	815,81
1,97657316	2,964109764	988,45
1,116122104	3,272589422	947,23
2,024473985	2,555223213	870,68
2,363897804	2,844206419	301,56
0,286082864	2,915310221	490,1
2,182238003	3,118033778	615,37
0,748741529	3,710490388	581,03
2,98092801	3,317286252	661,34
1,80872139	2,747032908	716,65
-0,422689801	3,510324222	827,11
1,346398134	3,481537006	382,51
2,214423767	2,383004764	884,74
1,439374391	2,070512492	874,88
0,256711981	3,587409841	330,68
3,618930066	3,221506395	467,18
1,277278863	4,473560399	327,97
-0,08616603	2,687615327	365,09
0,751769788	2,204574874	577,04
1,149457127	3,11710633	545,44
2,411521625	1,49512771	569,66
-1,338957217	2,904852893	982,89
2,161912137	2,252609154	873,46
1,082098257	2,23916642	576,77
1,759860112	3,377658797	967,57
1,569989991	2,535639953	599,79
-0,690210817	3,190512191	888,62
3,788252329	2,982870124	737,95
0,221209889	3,047402225	303,53
-0,114256398	3,962132783	374,59
2,456915433	3,56866697	759,82
0,555655826	3,78114246	815,76
2,761567639	2,671285931	454,33
0,952198674	1,905819661	377,27
-1,236164979	3,419820843	802,32
1,98991117	2,27984926	989,51
2,291251439	4,136448706	764,6
1,241172504	3,584429433	447,51
1,05158118	2,99128762	711,06
1,568143627	2,51836841	482,5
0,683978923	3,110107507	498,85
0,143132375	2,369070993	860,4
1,250882084	2,982897901	443,72
0,751225569	2,572307179	518,95
1,921322233	2,928977667	736,3
1,609798586	2,861538027	531
2,766921776	1,920971052	799,96
-0,403597369	2,553137112	531,63
2,630611582	2,580552872	711,58
2,409513428	3,290213328	337,72
0,697243473	2,3089366	588,6
2,559247959	3,719136051	828,21
0,461468627	2,51358774	477,39
1,476742275	2,974358682	468,45
0,719221922	3,141712355	690,29
0,895494129	3,769033307	485,14
1,230939791	2,655836544	404,86
2,012874079	2,827468039	867,71
0,851334237	3,109341548	851,37
1,373408575	3,716767754	803,74
3,527665557	3,785001324	908,36
-0,157334006	2,803470553	710,42
0,822928094	3,231720137	830,54
1,600052759	4,104218558	649,37
0,503991935	3,377550702	670,07
-0,175573208	3,45259615	438,24
1,169274117	3,585892739	850,3
1,845487882	2,533891722	717,87
-0,796825639	3,143746658	921,58
3,350350633	2,004750795	660,04
1,360633773	3,000461588	387,01
1,639478166	2,837712059	916,84
-1,628968144	3,080232684	501,68
2,45558641	1,797911173	777,3
0,496143455	2,820136897	832,6
2,603501115	2,388742164	320,57
1,562449073	3,199529463	646,21
1,606999544	2,33150836	572,32
0,636753899	4,064920839	914,34
1,102549913	3,39051622	422,35
0,321522609	2,739225674	888,75
2,564263926	2,755920398	828,17
2,114288781	2,754944713	722,81
0,940722476	3,726863746	896,28
-0,086552905	3,72118354	486,81
-1,479970936	2,203140635	437,45
-1,646537867	3,631194664	847,14
0,457741492	2,4079026	693,58
2,774629352	2,499634667	689,93
4,669450935	1,961703622	375,07
2,353288316	1,967228492	876,45
1,207448314	2,485946563	968,11
1,458429788	2,761143375	959,01
0,50043567	2,895109984	503,48
-0,109565174	4,541470084	787,47
-0,676072168	3,397296713	950,69
2,648455797	2,972295202	359,73
-0,53808225	3,185233395	503,45
-1,70569586	2,529310167	922,22
1,321957836	2,901238269	481,07
1,302830858	3,266345115	528,14
1,479562282	3,177194306	882,29
1,200944907	2,891315115	753,77
2,455450145	2,906368952	949,56
2,313429406	2,422721576	637,99
0,368535002	2,648148668	755,69
0,38374028	3,089053448	966,45
2,918811023	2,964704119	391,93
1,156488589	3,710836276	691,27
0,305520487	2,443986836	606,43
1,937323246	2,757511847	363,09
-0,027595651	2,457440736	438,42
-0,241515613	3,497263964	692,85
0,693727151	2,603376933	744,37
-1,142210544	3,71339563	664,54
2,31316712	2,493915138	616,32
0,410098368	2,780849221	832
-0,884332956	3,318890971	730,89
2,06022221	2,530678205	921,26
0,577661482	2,706393152	346,17
0,877609826	3,411666211	460,28
1,596788562	4,01221371	744
2,103982854	4,122961067	758,45
1,548290537	2,451406812	838,98
3,131125175	3,172551435	732,75
0,219768804	3,628310753	464,32
1,128249332	2,653581664	483,76
0,820994547	2,786197932	841,17
2,490953021	3,00631342	872,11
3,17372593	3,114372014	910
1,474407473	2,52263078	777,91
0,366692726	2,835819624	976,83
1,635108276	2,958243942	669,37
-2,140512179	2,752235895	676,08
2,74257787	3,014083797	895,77
3,218284818	1,382030512	387,6
2,120943449	3,105442686	310,29
0,971917912	3,562396996	865,38
0,873053954	3,465709152	310,68
1,355829472	2,872924429	367,05
2,213084646	2,205041597	307,74
2,296432502	2,744637695	308,52
2,509205977	2,291302808	957,58
1,011421866	2,939810408	602,89
-1,250242091	3,711617535	967,8
1,88407851	3,181231636	492,69
0,075233042	2,33404533	535,83
1,089888843	1,830929489	542,15
1,019768787	3,32862827	345,38
2,310394096	2,361824835	528,03
2,781803255	2,734167099	680,43
1,763436495	2,665394389	966,84
2,212950706	2,78620566	742,12
-1,187949508	3,223685872	924,29
-0,885517847	2,873228191	827,19
2,604063569	2,087783971	545,88
0,091891291	2,731220396	879,31
0,550059844	4,074117341	890,15
2,706820027	2,210369497	561,78
0,203562185	4,645132401	417,97
1,208749823	3,703238779	552,88
1,950961007	3,15076339	480,08
-0,934654138	3,0372077	735,75
1,589592959	3,829403138	430,28
2,084037225	1,89389343	811,4
2,959707207	2,607120138	435,09
-0,079791839	3,429348102	811,4
0,39467447	3,896046557	952,49
2,043451061	3,296650724	935,99
0,871242844	3,281673179	654,8
0,655732574	2,786238428	428,04
2,003797519	2,445601731	982,39
3,378064518	2,730043749	529,21
-0,239240338	3,416469655	470,27
1,817362917	3,198077883	938,73
2,581606239	3,002368585	690,57
3,254861428	3,401067642	631,68
-1,075243641	3,848396053	779,27
0,340707897	3,328090054	523,32
-0,616479771	3,150083403	953,71
1,006632612	2,52138562	858,21
1,58610277	3,925722383	642,34
2,51259119	3,330800067	436,99
2,228294142	3,478422732	987,81
2,200370358	3,132314075	692,56
1,564089657	2,692131153	983,24
2,751261096	3,655047114	847,65
0,920181397	3,605326287	695,15
0,431533875	3,456761889	676,67
2,105607748	2,410224888	492,18
0,983383085	3,534777888	923,66
-0,626666405	2,868396849	343,26
3,004973684	3,165389134	913,69
0,521221066	3,425597233	655,27
-2,207788498	2,983296766	506,26
1,511219624	2,207985063	629,07
-2,365467388	2,934916056	747,84
-0,595114815	3,848676106	455,08
1,426305983	1,830491729	991,24
0,910141093	2,241267453	650,8
1,044478507	2,388658842	721,35
0,00942605	3,378016953	622,81
-0,196461234	3,719730877	934,66
1,09691266	4,085444667	954,84
1,197069693	3,477128524	497,44
-1,779369736	2,954155039	874,16
-1,513079891	3,032280197	303,36
-0,568995404	3,213530294	618,98
3,371628121	3,215835107	642,84
0,579764865	2,614236917	675,35
-0,598153303	3,189201929	779,38
2,735525391	3,251327966	536,06
1,646036053	2,273492932	619,06
-0,502896903	2,300237023	718,49
1,377310324	1,806115894	487,99
0,146448988	2,454590373	688,42
0,156259838	2,66758647	910,93
1,372947056	3,370842792	958,29
0,753806624	3,689204885	568,45
0,301946052	3,198312493	479,13
-0,197903657	4,179258059	735,78
0,330344216	2,547653988	625,14
-0,777268008	2,620581922	604,85
1,40265542	2,775227721	430,32
3,003985646	1,981292804	883,87
0,885769606	3,187389277	527,56
-0,857618163	4,189167559	304,56
0,885351851	2,989337804	963,18
1,616888274	2,868617062	611,74
0,53337926	3,309146488	374,5
2,775176047	3,437322889	863,7
-0,20909361	3,280525655	702,13
2,680788414	2,734846747	430,58
0,950041356	3,206905009	842,65
1,54774765	3,312690127	326,99
-2,198423296	3,417351601	396,13
1,914822784	3,594021549	529,05
0,576952979	3,234913237	595,42
0,524643633	3,572282861	583,66
1,000024867	3,187475441	556,93
0,728902372	2,932280903	614,35
1,374884622	3,020294506	468,64
0,352453841	3,095222045	412,72
0,931800701	3,548620695	392,31
1,814456106	2,480307107	980,52
-0,710452732	3,408283913	542,74
2,232024153	2,698050593	660,52
0,460328653	3,621951285	733,13
1,030067095	2,596195518	830,88
-0,318060967	3,124058215	536,21
-1,878927458	3,730431944	861,86
1,205551283	2,559054751	833,83
1,2031387	4,058170632	827,42
1,630821033	3,154119376	706,67
-1,823905725	3,366978561	706,76
2,869710463	2,886482642	305,83
0,392189462	4,046219992	998,43
-0,753903496	3,479243123	570,91
3,011293193	2,792222303	995,82
1,672024923	3,209654158	887,4
1,669050173	2,957408026	516,39
0,353474182	2,574829708	795,43
-0,648924149	2,941235264	393,85
1,533823779	2,379502007	665,82
-0,053804041	3,026494211	855,99
-1,057978872	2,931372438	637,29
1,620991685	2,57515251	309,78
-0,329619445	2,624352276	333,34
0,503161201	3,622243118	889,52
0,320675735	3,848031843	641,59
1,288008732	2,216432449	509,61
2,598971389	2,622722023	636,23
-0,88726487	2,910514061	816,19
1,053039078	3,173218661	325,77
1,305896243	3,439022761	599,58
3,028097077	2,269157198	729,13
1,338837321	2,727989647	831,06
1,224721803	2,663777333	716,65
1,127381155	2,763410327	573,83
0,439726858	3,972325556	333,27
1,389928083	4,399290473	496,46
0,771877041	2,553643097	876,19
0,160206511	2,132009696	323,99
-0,084649398	3,295445198	618,37
-0,334721675	4,606271071	899,17
0,035565293	2,568631268	335,43
-0,425710836	3,564826555	641,89
0,594820311	3,045777676	607,43
-0,745723231	4,690917912	353,08
1,266507952	3,34554025	811,66
2,914000842	2,198164341	360,99
-0,525942275	4,5194411	789,37
0,791459473	3,063972377	411,56
2,86961828	3,025669828	875,27
-0,778361016	2,780039162	885,33
1,548671047	2,820465658	655,02
-0,502001956	2,429431363	514,01
0,86185459	4,10684816	401,5
1,170190331	3,15260572	970,2
1,017991688	2,863215179	698,1
-0,992680734	2,722850682	901,83
1,680253861	3,640726546	871,84
-0,103871133	3,670017533	807,67
3,812228775	2,385995447	548,56
1,006474535	2,35013089	349,77
-1,244120961	3,45292385	934,16
0,769835282	3,244134634	900,29
4,299873389	2,282828872	948,21
0,150734415	2,782703247	326,31
-0,445893313	3,667686231	722,82
4,602634424	2,604233725	858,29
-0,380840993	2,651806869	602,27
2,146845394	3,837214696	365,61
-0,587753458	3,354765205	671,65
1,186856348	3,38712094	870,3
1,186876741	2,339605807	620,91
0,023536585	3,329675025	359,68
-1,686523667	3,790306153	454,67
0,343772156	3,557513258	610,1
-0,839615187	3,298711586	928,19
0,769028997	2,865035471	435,47
1,62898289	1,691495243	738,07
0,743071475	2,953957587	888,21
2,01613725	3,005137473	558,13
1,177889383	3,475459965	860,7
1,309388584	1,918503111	594,12
0,722800729	2,333818434	509,5
0,702878337	3,158045808	394,21
1,200011603	2,660245825	709,96
0,56719846	2,856836503	310,12
2,678521617	2,83363943	868,96
2,924136634	2,463599457	691,49
1,099360111	3,624554983	834,06
0,853257205	2,791533347	617,7
0,562998855	2,710922731	819,98
-1,567790008	3,937041787	459,61
0,825484202	2,689843126	795,83
1,040294255	2,363013396	502,47
-1,110283126	3,598260698	429,13
1,749560223	2,642341601	557,66
-2,738751915	3,623391169	343,28
-0,002512796	3,363253357	445,36
1,043154641	3,552713056	494,65
-1,457351841	4,170585185	300,35
-1,153809652	3,150365675	981,77
1,385178513	4,166454683	358,83
0,657754412	1,204929314	583,37
-0,50612083	3,204680721	684,26
0,079242288	3,277262904	516,66
1,412226918	4,537764169	817,36
1,745376039	2,282607552	541,58
-0,158872352	2,999403278	998,75
3,007329339	2,870318348	412,14
0,632483452	3,465299574	543,81
-0,999332679	3,534353451	314,93
0,065123463	1,55277706	867,63
1,367866905	3,229833998	944,86
1,939142381	2,9321338	739,93
1,057423189	3,891028417	479,12
1,282313197	2,675105557	949,2
0,0974651	3,901779729	344,81
0,767176463	3,688378333	514,69
1,673224945	2,302932583	580,7
0,098818953	2,200812742	349,93
-0,593245379	4,307397009	733,38
1,019525884	3,028586015	371,07
1,957701515	3,105850403	309,18
3,263665064	3,157195039	452,7
3,596797189	2,257010745	916,51
2,630469149	2,872421964	987,52
1,805317193	2,813436426	497,59
-0,446965106	3,349405645	762,3
1,649018683	2,915502652	682,7
3,486560591	3,683968467	883,53
1,437792205	2,498092786	438,63
0,750094141	3,197476147	537,14
0,516679875	3,406509901	465,04
0,940264811	3,219709786	896,44
0,331842431	4,140620853	347,47
2,919132313	2,523816578	685,68
-1,733502916	3,800822975	458,29
-0,834614065	2,947662416	596,17
1,294481397	2,729837818	902,6
1,272152739	2,133573424	796,41
0,124108098	2,544470845	729,04
0,145283414	3,517377591	399,99
0,943734349	3,275150756	994,74
2,001041623	3,682288991	477,28
0,968832008	3,223503403	529,82
0,29601731	3,559756636	531,7
0,777098769	2,53859416	847,88
-1,004554782	3,844419587	409,2
-2,469828131	3,610909809	589,81
1,56707286	2,373420984	578,96
-0,566523031	3,063902607	468,44
-0,212916844	3,074246186	528,78
1,831192209	1,574410644	603,06
0,50739273	2,913014936	518,68
-0,964009138	3,756879528	942,78
-0,262895847	3,426895429	926,41
0,743580941	3,967905599	883,75
2,918928559	1,977130225	372,69
1,522836376	2,484263906	534,96
0,962834166	3,004737002	335,13
2,436337904	1,740281188	763,93
1,389085724	1,911550597	474,99
2,0484182	3,507562933	723,55
0,85143105	3,190516431	766,64
2,88184249	3,181863758	481,16
-0,925950408	2,978167235	951,12
-0,940066918	3,48213907	661,91
0,086590737	4,213549452	547,15
0,814619417	3,279881091	554,41
0,398806153	2,818705983	603,58
2,106697718	2,412433965	812,87
0,172220086	2,407065343	982,29
-0,234647711	3,745703513	346,18
-0,486976609	3,448295142	311,89
1,302001174	2,484151898	823,54
3,599293645	2,25292957	908,28
1,322069945	3,39306332	881,36
2,798484963	2,3067065	886,94
2,342844368	3,517933237	674,9
2,324881055	2,341394174	322,66
0,591024729	3,14623502	669,37
0,340161167	3,781480516	415,64
0,565812787	3,385129914	395,73
1,69693869	2,877648777	960,19
-0,234166468	4,141754376	636,35
-1,259854556	2,785181338	438,61
0,052605914	3,136070652	361,99
-0,542358289	4,101671854	345,13
-1,372942622	3,95338635	811,22
-0,083478963	2,695624241	450,1
2,114928122	2,25187398	352,83
0,396085911	4,076161752	840,42
1,645311378	2,290458592	912,62
-1,236064394	3,641406614	506,3
2,44754812	4,130330006	583,52
1,50779982	1,950863425	944,54
-0,194229382	3,597028188	432,32
0,720085896	2,614550548	967,84
0,904042545	3,202046645	382,55
0,992769486	1,938003184	796,5
0,732495887	3,297959206	409,89
1,261549975	2,402452596	375,4
0,848380691	3,894942349	446,28
-0,141158835	3,874290351	879,19
-0,653040142	2,336867575	474,15
1,761810146	2,9846461	365,93
3,314344711	4,412484959	601,12
2,810537688	3,004914876	321,85
1,740710626	3,773401057	349,84
0,372250218	2,428745352	351,89
1,767817627	2,356191715	484,96
0,787438759	2,504836129	375,83
-1,310916611	3,340228238	493,44
0,778538493	4,154913669	748,84
0,622577135	3,396549629	387,99
-0,219585681	2,816369552	806,94
0,077773376	4,019139271	432,8
1,499901945	3,62722115	683,81
-0,550098684	3,587559765	633,1
1,988784295	3,062104919	346,14
0,316190898	3,250010432	552,06
2,05235936	1,405554316	482,62
3,723037336	2,199772154	494,13
1,144766506	2,269920844	695,23
2,77400458	2,800273267	910,97
-0,745562328	4,081693202	551,27
-0,200745308	4,221826699	644,11
0,203958886	3,609917073	493,18
1,221457471	3,50836149	879,57
1,555506959	3,460517346	890,98
1,173474143	3,38908046	691,01
0,808427759	3,271243718	784,71
3,101332526	3,045190951	379,91
0,474385648	2,519084814	645,37
1,099042933	1,928993086	801,18
-1,620723225	3,207030337	942,2
0,896876427	2,935122445	318,05
1,730551534	3,067365117	770,79
-0,046799421	2,754968414	861,86
2,063204526	2,66242865	544,2
1,683233971	3,874596336	971,96
1,050509181	2,074652792	738,66
1,958789452	2,891961954	459,77
1,521084305	3,795759277	652,47
0,172953832	3,473959098	868,76
1,982811342	1,923563851	434,89
-0,252690936	3,034597172	896,69
-0,279072062	3,970549851	769,34
1,445351245	3,277046747	653,81
0,426820231	3,354811679	995,05
0,278729746	3,245449216	780,71
0,472819252	2,341735209	806,53
1,324258089	2,298622179	516,7
0,021790531	1,750906543	607,82
2,73071431	2,035399027	579,06
0,057159726	3,228914353	930,57
0,479706394	1,906368468	686,72
-0,423427374	2,842432351	688,32
1,059822278	2,946028152	510,96
3,222810561	1,981822998	504,24
1,151348528	3,034312547	876,89
2,180214245	3,236708287	512,35
1,165252762	2,376411321	882,8
0,716111138	3,429573193	651,47
-1,117876364	2,235495764	666,42
3,322151162	2,848126054	644,09
0,774407305	3,019578052	365,94
1,655195543	2,278547138	939,24
-0,003842746	2,859879064	941,03
0,379778003	3,696640793	783,25
-0,615275585	2,661091451	768,28
1,942788427	2,878879739	313,46
1,190293793	2,663118983	692,26
2,642574527	3,265248043	997
-1,296523695	3,560212306	680,83
-0,508255499	3,074359083	879,22
-1,264523836	3,887120861	908,21
1,034206419	2,827646469	707,48
2,24742665	2,241028293	501,34
-0,685898977	2,77241979	935,61
1,350645852	2,86631558	918,14
-1,003289708	2,113105007	447,49
3,213598307	3,26698826	333
2,938365449	1,476764762	427,05
1,823676544	2,730139589	606,73
-0,196035398	3,328257285	926,4
0,877981058	2,371080134	693,69
1,253661014	1,82012238	362,51
1,54471446	2,391364211	641,48
0,677459601	2,263234722	376,28
0,450021258	2,290108226	340,49
3,081738455	2,201450105	583,23
2,709212961	3,490827922	736,14
0,198524932	3,449177785	845,8
0,59922155	2,590124116	477,36
2,408757283	3,340530465	817,04
2,039971596	2,640390579	337,75
1,572277109	3,179362878	451,28
1,595381468	2,1380228	620,87
0,631106456	3,962591774	431,02
3,529116344	3,483940616	534,43
-1,601409473	3,861221169	488,93
0,362246995	2,645969273	926,27
0,09324208	2,898794486	814,19
3,137848733	2,345154709	585,52
3,161151673	1,937669169	644,61
0,184535215	4,18587318	875,1
2,208918023	2,551800499	376,95
3,993317509	2,6132966	427,43
0,796174785	3,262083062	522,15
0,295733645	2,303723173	652
3,2407967	1,835656403	693,16
3,407803235	2,988191067	574,66
0,879298036	2,41245889	424,31
-0,116261147	3,500912012	332,26
1,581897238	3,373750559	903,07
0,200893867	3,221332756	653,09
1,677546662	3,600211535	368,8
0,431227408	3,794738434	523,42
0,494600276	2,297831488	828,88
2,566134678	2,117260224	930,86
2,326423871	2,483546656	312,33
2,459857367	2,839439878	368,46
3,343439459	2,774742547	504,86
1,886407085	3,605786728	857,58
-0,374770375	2,596149656	878,97
0,826268574	1,679673377	650,1
1,074282972	2,553617986	568,86
1,407963751	2,16073262	616,66
0,19074314	2,722531861	420,19
-0,96183084	2,257808494	959,7
1,197301556	2,916520008	820,92
1,879903106	3,313290488	734,89
0,903011646	3,376476193	905,27
2,836925919	2,299299828	937,07
3,199630889	2,395306317	591,49
1,016139149	3,794089773	321,33
1,866261318	2,925443332	484,19
2,844042988	1,873926397	580,43
3,373575733	3,210069297	718,08
0,33659844	3,266659156	727,71
0,795969276	3,736812024	478,6
0,445843717	3,134021866	479,98
-0,088883236	2,109344631	496,19
-0,714049819	3,138307139	797,58
-0,140458079	2,296716437	357,26
2,759683917	1,931648611	556,58
-0,273016648	2,4259308	555,13
-0,906759111	3,686536612	512,96
0,86398337	4,05551507	732,01
1,031679432	2,668836349	970,83
-0,581886605	3,546462407	362,53
2,082618121	4,002666736	327
1,8665223	3,033807537	793
-0,281251115	2,931798501	935,71
1,181065145	2,934883498	798,71
-0,357152253	3,579929878	430,83
1,543138388	4,476738087	610,66
2,086285567	2,876565698	601,97
1,353573999	3,422364639	871,51
-1,684891978	3,06267848	888,41
1,249894874	3,228437049	611,55
0,475215823	3,966702359	991,62
0,267978473	2,604804242	610,86
1,457796943	2,947444435	506,42
2,12545872	3,002138332	761,19
1,216040677	4,076355738	417,9
3,017541213	2,162148617	619,13
1,381681448	3,164004191	828,33
2,322385586	2,930520885	959,97
0,595737877	3,126304037	401,54
-0,069638144	3,191129881	456,46
-0,767926176	3,305326891	480,12
0,541681366	2,822212418	918,01
1,177670185	2,846209253	878,02
0,03015106	3,014467961	758,05
1,761788541	2,499426195	537,19
1,279657811	3,034716504	915,77
2,179093714	2,468669008	377,44
-0,47084272	2,925378209	566,79
-1,73084146	2,859660141	819,07
1,759566908	3,391585137	506,47
1,104756232	2,599983704	952,56
2,578271812	2,210740617	736,47
1,583070642	3,207433637	891,29
1,898559281	2,492355444	361,92
-0,18902791	3,232991525	830,88
-0,470228487	1,276259584	598,09
2,733431554	2,5211565	724,74
1,773419459	3,437306629	908,82
3,226725106	3,083542436	421,15
3,895733656	1,184251463	858,42
0,363326583	3,020419622	759,03
0,365420729	2,932645013	474,01
1,265844596	3,263450152	438,38
0,126616189	3,782060128	357,95
2,339158133	2,819522082	918,01
3,031480108	3,151295163	698,52
-0,967181038	3,046228172	635,72
1,500814953	1,81521298	776,67
0,966039592	3,282909891	568,11
1,697296475	2,667639592	982,92
0,231332901	3,742389059	858,66
2,441913019	2,753840913	615,65
0,207226921	4,135189627	669,54
0,632804462	2,669448701	749,55
0,334137216	2,844224949	487,12
-0,582171475	2,775265075	850,78
1,504817891	2,057418258	435,3
0,890155804	3,772506013	545,67
-0,165678173	3,949606846	740,91
0,945462715	3,600834562	709,82
1,682523021	2,669442035	587,54
-0,898537612	3,086902563	318,89
3,247498899	2,428922354	784,65
-0,819053495	3,432584961	339,39
-0,154675534	2,774692663	441,07
-0,2299204	3,465560875	986,65
0,542475713	2,420782718	754,61
2,036943971	2,441357988	770,47
1,060203671	2,614223027	926,93
1,985118717	1,885985561	891,88
2,211618654	2,894482314	364,01
2,092209902	2,508901958	362,37
0,347559594	2,815856408	355,21
3,99713676	3,011253497	471,1
2,371865267	3,643448463	547
1,727409467	3,645502046	316,97
2,062903315	3,422180175	649,95
0,36364143	2,587223696	564,35
0,954531143	2,297674921	973,78
-1,1277323	2,733982667	704,26
1,468498259	2,71382741	570,04
3,010633358	2,327006569	849,22
-0,737571624	3,442199235	793,28
1,384733721	2,765560208	942,35
-0,990157714	3,031382953	750,58
1,247805903	2,766361724	557,66
-0,912268677	3,977829784	960,49
3,104639119	2,733283107	417,58
2,116673748	2,515220212	730,65
1,889969748	1,842626738	930,79
-0,378811061	3,662022242	891,09
1,064885082	2,593329872	943,36
0,610879541	3,075978542	372,59
2,755921432	2,242855645	779,62
0,426085932	2,531138926	344,25
0,984413962	3,089644779	307,97
1,106686203	2,154504105	862,4
-0,401573418	3,111747057	695,15
1,477443364	3,676165787	347,09
0,323759263	3,076554961	793,21
3,178715035	1,769095131	355,96
1,830889681	3,293832779	727,37
0,702592554	2,847604315	846,51
2,384839995	2,951748696	703,53
0,462081579	2,972701022	615,4
1,467535964	2,936459522	883,71
1,265285435	2,625864923	874,77
0,802819916	3,206168665	405,87
3,224774875	1,529031402	958,88
0,931654587	2,618237365	396,91
1,441650905	2,784295853	356,83
0,116440566	3,292265477	934,21
1,284460151	3,041371939	939,13
1,047594351	4,269095506	642,77
1,476974267	1,823758044	664,93
2,549134566	2,604963751	455,11
-0,32056995	3,161334184	476,8
1,944710411	3,003544462	814,13
1,005082044	4,059227702	432,27
1,060322009	3,148999481	469,57
0,888261246	2,475687269	693,55
2,26006875	2,309440943	720,47
0,919951892	2,957014774	473,67
1,422198988	3,59645836	864,8
0,215692936	2,566961695	523,27
1,456889293	3,091544345	580,9
0,340706634	3,590956994	892,37
2,487764836	2,778920228	387,22
0,337221533	2,935530287	654,44
0,355754991	4,353257957	372,62
1,255914193	2,919050278	800,09
1,73628921	3,173293879	300,13
2,739718476	2,586799488	314,46
0,223074289	3,288220465	472,85
4,151044583	4,550605408	318,87
-1,20205319	3,976698336	436,23
4,462568286	2,161486443	753,64
1,383330436	3,37831839	532,63
0,775425852	3,431664269	514,17
-0,392955769	3,292814253	530,28
-0,407227913	3,117879883	612,86
0,422629807	3,168971063	486,65
1,621330626	3,374391528	504,09
4,083924112	3,487479063	981,82
1,134494596	3,376956365	403,56
-1,322050115	3,23287327	548,2
1,174584984	2,52036192	643,41
1,214446002	3,026008969	947,86
1,01095386	1,240093323	384,23
0,560177826	2,768554054	714,76
0,329667624	3,111085523	631,57
0,128293532	2,585664344	566,87
1,933121055	2,11034883	527,83
0,622595807	2,110178647	484,1
0,706000007	2,766939388	502,94
2,26989639	3,214243423	512,51
2,310799583	2,873373494	334,71
2,245466295	1,952825081	551,81
1,697933265	3,101955188	404,53
-0,675990138	2,174177915	382,7
2,475492984	3,058283959	653,35
0,004840961	3,7604231	956,58
1,653838229	2,77431411	708,81
0,353572151	2,904583578	945,19
0,143501103	2,381904688	599,18
-0,218966421	3,006219188	979,02
1,372724416	2,126215499	986,41
1,419528592	3,158232274	384,63
3,071779028	2,587007924	891,74
2,974454311	2,95293981	554,09
1,956596277	3,904635996	684,18
0,479635872	2,714030479	609,37
0,909046021	2,821058863	913,39
1,921877635	1,758026707	538,65
2,08514521	3,541442443	896,33
-0,437037046	3,498308011	628,56
0,640402461	3,421413917	540,72
0,276014188	3,322652562	401,98
-0,155816464	3,343863237	549,84
2,867760637	3,360522682	767,87
1,221771101	3,595892603	630,68
2,256223982	3,076802985	684,52
2,30950022	3,765736246	492,75
1,64541869	3,270974027	311,97
0,963025291	2,21135805	468,93
0,819631644	3,928137281	867,98
2,230027565	2,854985668	775,51
1,156128939	2,823723477	944,17
-0,186787542	3,578099493	899,64
0,628719496	3,095859522	584,31
1,923448068	3,631976373	777,3
-0,292109328	2,862553542	613,13
1,12929549	2,062593294	851,77
0,892067128	3,383919199	652,94
0,459224096	2,611589097	524,55
0,687307614	3,449252316	437,78
-0,175946834	2,917905695	965,12
3,080447539	3,02088543	678,4
0,000821629	4,093969002	680,74
3,782065619	2,08050426	551,69
2,10600615	2,101852231	973,21
2,178076665	2,644271672	420,2
0,203424853	3,672633194	827,15
-0,073837923	3,774215935	705,43
2,048942574	2,410475768	468,56
1,451223699	3,270949635	644,74
2,951424181	2,814237495	863,92
1,222236211	3,38415095	744,61
-2,509332627	3,297645783	600,36
1,319650403	3,430511665	328,43
2,373988628	3,12954159	486,98
0,364451967	3,441881011	926,73
-0,986461007	3,902906	881,15
1,968144278	3,048142496	840,9
0,464274512	2,277372799	319,27
0,400223307	3,258308529	512,25
1,334151795	1,339425902	740,57
0,749988013	1,852709253	302,15
0,368837126	2,903179945	804,31
2,614788072	3,037034803	554,08
3,299954329	3,213300162	809,86
-0,533965286	4,186421341	462,35
2,820292757	2,610682121	496,22
0,916273992	1,589117671	956,13
-2,177149066	4,010555874	544,05
0,215077483	2,698416064	536,22
-0,352196252	3,176883641	906,75
3,452354339	2,638382662	375,82
0,610817829	4,530761959	382,72
3,212871923	3,649362105	955,69
-0,325218471	3,076105369	586,38
0,775234559	2,240587471	399,29
1,152630422	3,137747473	675,81
0,028135661	2,147730371	960,04
1,932943953	3,465179326	617,1
0,045862988	3,143228959	852,86
-0,843103144	3,073023095	439,78
0,561635671	3,23173139	525,72
-1,616346214	3,205889906	609,44
2,569235913	2,296592646	388,36
-0,445427664	2,536588238	578,34
3,083589754	2,623687385	792,65
4,149216577	2,721038375	488,11
-0,361697896	3,685536894	561,04
0,610786294	2,755819786	585,99
0,909562139	2,048505704	777,49
1,314665317	2,654391218	822,56
1,196058348	2,856837186	370,64
0,793703458	2,799987788	552,09
1,319484063	2,569106946	942,2
0,949094781	3,042359876	906,23
1,761299815	3,380538225	972,69
0,991031407	2,860082102	522,8
0,158961608	3,024224602	837,27
-0,207007767	3,143967475	737,5
0,130511549	3,072447347	556,69
1,361329171	3,175320012	965,9
-3,363336023	3,057100245	483,95
1,353247224	3,745245826	678,96
0,927186007	2,507531801	431,49
2,224031278	2,092382145	315,32
0,1115522	4,145302219	591,81
1,288161388	3,445943021	806,87
0,414168518	4,227917238	870,59
3,45378159	2,100156256	645,84
0,977711384	3,311331918	439,83
1,090271447	2,705820664	626,04
1,902738301	3,498303124	964,21
1,284267133	4,550901631	490,84
-0,153396515	4,127663169	876,65
0,7498157	3,11392009	721,32
0,512495235	2,854362835	781,49
2,244432036	3,754382657	774,54
3,170193257	2,400249274	688,29
1,235940639	2,927200894	718,02
0,082706995	3,51733496	540,86
0,536270244	2,383516384	945,04
1,447286279	2,686512774	431,14
0,272520431	4,179808013	810,9
0,367691984	3,873113317	674,07
1,215165046	1,892279814	640,76
2,519946538	2,372159143	679,59
-0,260622937	3,511576917	341,06
2,491817028	3,32039709	692,68
1,615895436	3,064408487	902,38
-1,147026319	2,803083856	861,52
2,370956883	2,812548245	916,65
0,374269568	3,137587467	494,56
-2,035744747	3,89247302	900
1,486071858	2,457071986	720,89
-1,21918517	3,653224215	583,31
0,48098959	2,917037053	725,67
2,850426326	2,723847379	578,97
-0,450925074	3,085839531	750,41
1,845335453	3,245644202	347,55
0,280727364	2,633244442	671,12
0,483812624	3,307103721	382,08
2,229377121	3,400668868	378,28
0,299191322	2,238279429	563,56
2,280915118	1,940518366	382,3
1,064567767	3,196727024	969,97
1,683291133	3,191633497	379,46
1,183899525	1,994412383	404,24
-0,24877375	3,548521946	952,06
2,785002908	2,951810866	598,72
0,732993211	3,841095117	505,64
0,146525445	3,335067676	930,07
1,54777752	2,370138594	341,87
1,714287058	2,781928595	836,8
1,517487368	2,670572493	551,02
1,570208584	2,202516469	484,08
1,993766187	2,745417591	598,79
2,453055708	2,786749652	312,61
1,789009094	2,455955618	844
2,016462838	2,762165854	785,96
2,330047469	2,501104142	602,38
0,011299341	3,138748247	362,4
0,629902141	3,088920122	537,95
0,936327483	3,520708993	414,4
0,926540326	3,047384704	700,17
2,725378967	2,17928156	511,64
0,441961848	3,070713698	544,05
-0,550925385	1,907863472	986,65
-0,035404853	2,480652497	491,86
-0,358524217	3,293316756	421,26
1,774856446	2,743942288	506,76
1,982352345	3,760338574	895,51
2,13647586	2,320795023	891,64
0,479698177	2,477081288	870,15
-0,009419971	3,046660984	977,03
1,969624762	2,712309524	678,33
-0,448295299	3,454347444	539,76
-0,210728798	2,579187332	415,94
0,966284214	3,784424045	902,03
1,829611343	2,082459935	802
2,044486609	2,809312967	661,79
0,550263017	2,754925928	824,27
-0,151333398	3,58338818	461,86
2,708877549	3,146133426	835,05
2,4889497	1,766237855	499,72
0,990258681	3,692480374	688,67
2,184026848	1,813459378	645,69
1,976376812	3,441177921	632,66
2,468434929	3,136759771	354,9
0,728791214	3,430098966	894,93
0,994700437	2,372533243	902,12
0,9067678	2,979731544	426,14
-0,715885673	4,174720076	673,3
2,302418016	2,57138739	914,34
0,428504174	2,13314763	377,93
1,883547752	3,524631532	916,94
2,612150657	3,573675077	630,5
0,219082899	3,194767193	959
3,202479384	2,352648979	686,78
2,034226953	2,475757803	750,4
0,247028552	3,351360151	333,45
3,053153339	2,618685309	789,98
2,425596113	3,004786694	821,66
-1,203521948	2,83978258	386,08
3,157787991	2,706345825	640,24
0,493015013	2,525392928	376,04
2,622643419	3,163081492	325,6
1,951796186	2,760194446	860,28
-0,244583319	3,28720967	533,55
1,040787672	2,287165271	506,1
4,852699677	1,56292105	364,02
0,053224057	2,849054363	937,18
1,420973394	2,39374415	928,98
1,105316908	2,885136028	561,07
2,204542303	2,343830833	656,96
0,781160951	3,036001769	697,56
0,38429837	3,170954924	645,54
1,553967828	2,142852111	765,61
0,013137797	2,807588011	449,85
0,634448175	3,926953144	391,78
2,720709415	2,687342338	672,35
-0,190268109	2,960414188	504,8
0,641559109	3,762864161	656,86
0,07480664	3,428630833	621,35
1,491201765	3,898533369	561,57
0,560541379	2,759059133	984,56
0,710549768	2,866146938	662,52
3,30429595	1,687263248	745,07
-0,090732866	3,174914867	409,08
0,804823458	2,740281837	753,71
1,624284547	2,151945861	634,61
1,762343731	2,326067208	767,64
-0,659376611	3,565932863	361,89
2,639701642	2,695353197	609,85
1,31811232	3,422454299	423,39
0,629496183	2,28324204	780,03
2,547433827	3,321137642	828,19
0,984836661	2,926633198	925,21
0,046477588	3,628576483	847,79
-1,117139333	2,45683809	426,82
0,377956784	2,497770148	862,14
-0,252163771	3,952592827	504,96
2,256001135	1,991646888	523,39
2,140061416	2,815963868	543,09
-0,587656059	3,309317354	315,28
-0,704740153	3,281092452	827,4
1,790204725	3,061515966	327,02
1,438042573	3,029670763	981,28
0,268218289	2,857168719	775,55
0,560314323	3,881366936	496,34
4,439625928	2,19349321	718,31
1,109811917	2,170977534	817,16
0,368256741	3,675173346	474,06
3,081392603	3,581303443	551,96
0,581675266	2,192989488	963,55
0,80522663	2,598244761	697,12
2,354751622	2,028355696	771,22
-0,165440897	3,792576153	421,36
0,075710893	2,956555581	967,9
0,354244995	3,71131788	383,95
1,139921219	3,009981713	531,17
-0,710185995	2,935599698	602,14
2,25227233	2,702760809	660,84
2,726936641	3,076897619	846,27
2,26683239	2,653864138	442,94
0,849541178	1,88303745	502,27
0,000215835	3,327874195	376,34
1,080789791	3,231326135	619,01
1,881073397	2,68723663	629,87
0,561407635	3,391940673	606,18
2,244224478	3,983555589	600,2
-0,051534423	2,972093782	846,64
0,168803531	2,649049513	382,89
0,86983074	3,264834341	955,73
0,643750915	2,392327966	793,05
0,496520067	3,815564521	710,03
3,351560249	3,208065789	660,27
2,548553103	3,274257176	594,22
0,213877783	3,123390484	404,53
-0,223127399	2,101827664	555,92
0,221569431	2,503460762	640,27
4,299333867	2,791323385	538,87
1,362378845	3,262815585	596,01
0,745437454	2,436757266	324,68
1,190739727	2,578442289	775,56
0,83125516	2,778554669	595,88
-0,405415903	3,03655366	721,3
2,942244328	3,258602635	813,58
2,744379652	2,732727719	475,17
1,147178907	3,054990739	391,41
0,036299884	3,186449456	982,69
3,656723733	3,460612142	883,86
3,065578382	3,129651679	454,76
-0,166940233	2,320697809	450,94
1,446023763	2,559739161	692,73
1,053082255	3,128595469	643,89
2,501039167	2,851421321	728,72
2,386859255	2,572354289	955,16
0,898146506	3,180188946	818,7
0,406508475	3,008898928	858,51
-0,08902742	2,657559563	923,03
3,591343696	2,355272628	493,78
2,408350854	2,853535146	360,91
-0,079963803	2,708540804	601,37
0,07162446	2,443004534	828,46
1,015932912	2,405846981	475,48
1,05502522	3,42173863	320,32
1,691945636	3,061471756	391,02
-0,242790479	2,93208829	765,6
2,072568325	4,262864674	487,19
0,415117287	2,497696667	809,44
2,410042833	2,831212931	940,68
0,861601694	2,172375424	637,61
1,540978362	3,436857413	353,99
1,382509272	2,162119685	844,97
-0,932448812	3,230348855	330,75
0,481986459	2,484727417	757,11
0,423051248	3,514103867	904,57
1,939578745	2,846747632	906,34
1,720453557	2,413567434	816,35
1,493063855	3,381679845	462,97
0,873522371	3,585401051	738,9
0,866881433	3,374259329	383,06
1,541875122	3,399526869	512,62
1,737492	3,693364088	897,44
3,181361118	2,966854669	442
0,047441553	4,695457249	366,68
1,304444986	3,626054697	806,22
0,329166578	2,544246509	365,39
3,019812915	2,56630129	818,6
0,623132805	4,006281819	322,74
-1,115420492	1,549023456	972,64
0,464653933	3,293504525	965,72
-0,214150706	3,830677163	929,79
-0,592992612	3,275492354	894,45
-1,241536543	3,759418477	735,26
2,502225897	3,269100364	995,71
1,061448411	2,497567053	420,82
0,295777219	2,906392046	340,23
0,656201534	2,588919395	971,28
0,733605799	2,600139387	973,64
2,790918702	3,803321986	555,04
-0,456497896	3,511314696	896,34
-2,009117788	3,308456377	865,25
2,7985532	3,195074569	903,49
0,774807374	3,400964508	756,92
2,43663139	3,771474642	879,71
3,455135704	2,930556339	839,62
3,466499512	2,768703535	477,1
1,471398642	3,293361864	639,09
2,813167938	2,841931973	736,38
1,290904804	3,269155584	991,05
2,663206523	3,452421152	803,01
0,429931974	3,988858333	660,85
1,685214406	3,805047886	499,39
1,877271375	2,913960973	923,86
1,018629987	3,575048915	432,01
0,937680932	3,509526513	918,79
4,125633328	2,699319328	670,86
2,553489227	3,22222785	464,59
2,216220452	3,393654335	481,03
3,550524694	1,921510408	830,9
-1,170814879	3,635926429	471,36
1,938683246	3,238967447	850,66
1,201773836	2,804832841	686,82
1,973127441	2,727228411	889,04
0,191073524	3,201618491	665,79
-0,436833344	3,986432194	876,49
1,342489061	2,905108626	725,91
0,256477429	3,165083146	513,41
-1,092929196	3,465006335	692,88
0,01702312	4,483461947	696,2
0,539677032	3,273198253	584,32
-1,154193849	2,548355174	586,2
2,194172277	2,357994253	759,59
0,39721524	3,07453129	552,17
0,074341159	2,790179861	694,53
0,421487855	2,773421904	785,63
-0,405777128	2,683186205	719,42
2,117267974	1,763755048	489,02
0,878418874	3,032770883	884,23
0,263376944	3,107836725	483,98
3,061664564	3,004003671	470,58
2,242913766	3,037087646	714,99
0,932981332	3,84805618	545,28
0,712464413	2,238476002	726,51
0,032457396	3,50155215	634,04
1,765943997	4,607976555	416,48
2,552235382	3,970131782	514,87
-0,915683029	3,243428337	494,51
0,384718927	2,574554357	826,74
3,577494154	3,129829565	704,54
-0,979888723	2,429286858	742,02
-0,859215156	3,059468131	811,43
2,978686239	1,833495022	801,43
0,973629939	3,489952095	777,95
1,298851008	3,227991384	522,68
1,453828608	3,344494466	781,81
-1,171574843	3,95037818	605,6
3,459792252	2,958366694	756,15
2,427922249	1,378202085	343,28
1,373056731	2,809515729	412,66
0,887464714	3,485958274	315,79
2,984064005	2,834298877	630,12
3,838683438	2,575481881	918,35
2,359076631	1,503551451	752,3
2,641738113	2,784502356	770,36
1,248558497	3,802727389	410,66
-0,773329764	4,163664231	728,48
2,468608537	2,607439351	948,71
-0,842626604	3,619509585	319,57
-0,786738837	2,401683436	830,73
1,888212147	3,132477314	508,45
1,229632906	3,3135006	559,53
-0,08520857	2,920730451	667,45
1,42441389	3,722953983	973,29
2,535037301	3,073375985	412,57
1,571461228	1,994373146	488,92
1,107501045	3,373522915	537,44
0,713503308	2,870750043	313,73
1,005796545	3,358550586	666,17
0,562052325	3,104191665	329,51
-0,549042776	2,725222986	599,57
3,619156544	2,258290853	913,9
2,077998892	2,936210274	640,15
1,504291924	3,086105638	979,51
1,178739549	3,006134571	748,06
0,060749874	3,40308571	689,26
0,974104287	3,195202023	672,24
0,378310357	2,682253401	790,52
2,182788932	3,129895176	664,95
2,266075035	1,93561906	522,4
1,350469082	2,9825944	572,4
-0,35679746	2,743641733	875,89
0,372066271	2,118488402	738,28
-1,181458842	4,432510992	777,22
0,224288423	4,011821109	644,16
2,177625106	3,90873484	435,17
0,725973077	4,369276258	646,81
-0,024105744	2,523655681	995,19
2,439373909	1,481050505	486,71
3,161129003	2,897213837	675,81
-0,212880838	3,786064712	373,04
3,46890968	2,38271299	551,55
0,861659433	3,167583198	940,98
-2,074815545	4,09098593	884,81
-0,037414597	4,286441181	394,11
2,819127899	1,700258732	909,96
-0,374437978	2,49216379	746,21
2,581312451	2,266496898	399,19
0,441293166	3,13802789	541,03
0,919647668	2,759271091	335,65
-2,016109966	3,161506108	994,96
2,207157286	2,127503822	910,84
1,549130332	2,840840683	378,56
2,08317468	3,131796138	843,23
1,776995115	2,653068353	492,35
2,104001357	2,446871158	919,93
-0,11349166	5,332037504	788,31
4,037765792	2,53556953	883,34
2,477814687	3,394774878	978,37
-1,680755339	3,06972052	829,8
-0,367113882	3,511617105	449,25
-0,008223017	3,488601742	728,86
0,124934628	3,613574129	714,74
0,912376106	2,295415544	400,66
0,940373799	3,485466062	448,89
2,128018901	4,104402281	316,73
1,480857207	3,400901047	378,48
2,394915592	3,292962824	757,58
0,822785221	2,981936035	398,19
-1,178564745	4,241941846	306,84
1,695767753	2,268412815	693,89
4,519948241	2,185753421	504,29
2,739787854	3,110842138	963,36
2,222717805	2,560039108	399,61
1,829189401	2,976284682	987,01
-1,320613844	3,653240161	895,45
3,840327897	3,42893583	718,28
0,105578818	2,893987415	480,9
3,165828964	3,778817383	310,63
0,58304528	2,884872662	673,74
1,517740239	3,31064395	370,67
3,819135156	2,583706587	616,16
-1,33662222	4,317580774	459,66
2,226227762	3,459400698	967,43
1,219840606	3,406743772	570,09
4,819492366	2,457624692	453,18
-2,261819231	3,557595649	391,23
-0,34930067	3,489595456	964,47
-0,242638069	3,508624259	680,1
0,97213624	3,02391863	778,69
0,925307997	2,739792061	787,25
-0,076500389	3,094022066	722,03
1,572619532	4,347408173	786,35
-0,772889906	2,400703134	435,84
1,074858008	2,980462919	429,73
-1,452712427	3,123804016	802,62
0,371975245	4,380712209	364,25
2,279337674	3,076690913	946,28
-1,142486636	2,88181483	918,04
2,602344579	3,807935405	408,95
0,556708949	3,049469858	492,54
2,53094299	3,601536786	913,29
0,593839565	3,12547645	702,27
1,557007917	2,47945682	661,58
1,178880652	3,146968283	305,53
1,719422462	2,917831737	593,41
-0,400002514	3,59407395	744,05
0,137117708	3,822165109	653,4
1,330774327	3,218270903	782,29
0,524463274	3,62641262	627,83
1,577149072	3,265452908	754,36
0,195932082	3,724123596	318,28
0,14708979	2,635372093	767,4
0,921132462	2,369055943	431,2
0,675610328	3,184322464	768,13
-0,954456747	3,457605883	567,49
1,840978734	3,102964789	375,25
1,901909333	2,340780287	395,77
3,315434925	1,895472799	448,22
0,64916507	2,911703441	749,87
-0,381263681	2,982058943	722
-1,275171663	2,678239836	889,61
1,822028202	2,565443936	983,46
-2,128879513	4,196881119	699,88
-2,016227265	3,431145166	502,68
2,073792032	3,789033423	446,69
1,614291824	2,338830164	400,63
0,531414132	3,114342462	812,92
2,35649766	2,551111776	304,73
2,12272191	2,879372446	778,75
-0,276925214	3,950259112	994,49
1,66725811	3,553368073	322,45
0,933483482	2,345274222	725,9
1,903556245	2,905717239	394,76
0,966252615	2,648081024	664,32
1,484015857	2,017055288	865,86
-0,411160962	3,385689752	923,79
0,38197039	3,256747713	495,14
0,254661954	3,454061915	590,33
2,012218525	2,599905438	659,93
1,709557136	3,827717334	655,98
0,408827559	2,920570547	700,47
2,861058094	3,515233386	371,87
-0,918388719	3,604670016	898,9
0,150962401	3,280613447	785,12
-0,771795064	4,033958764	772,85
1,293699287	3,281954936	588,26
-1,033627344	3,800024153	486,13
0,454889715	3,319767839	932,89
1,639088128	3,011732263	839,4
0,590519019	3,384382272	330,79
0,639539189	2,118117907	501,29
0,899376878	3,762109346	585,15
-1,005694481	2,238477584	316,74
1,017530617	3,042151993	933,39
1,189081859	2,756152758	318,38
0,464051851	3,650046945	314,03
0,406587145	4,277853594	739,66
-0,3166603	3,230483965	637,12
1,013513307	4,142297945	513,12
0,329943189	3,159636761	835,89
1,024250307	3,160713042	455,28
1,946906573	2,634906197	837,04
-0,471125216	2,753508785	471,4
0,274746684	3,37727017	640,66
1,081618805	3,977542308	596,49
1,842345913	3,051838287	442,12
-0,119278618	3,50330516	701,83
0,090501607	4,40262008	893,75
1,893057737	2,545391701	333,48
1,633987149	2,658418405	553,95
-0,204217193	3,097319593	865,49
0,700556781	4,718924583	440,53
0,717374531	3,109478128	595,23
0,833262939	2,585876137	460,72
1,149427096	3,276602533	825,47
2,28687242	2,847472622	543,7
0,389754629	2,568271703	549,71
0,531723483	3,202139124	984,18
1,982246806	3,75364389	303,8
2,18741933	2,35729503	940,81
0,709759545	2,816050155	587,4
0,988869922	2,858060944	387,7
-0,262858239	2,903297642	893,07
-0,291186434	3,663936159	907,84
1,190046442	2,45311896	503,27
0,264514772	2,66443927	677,89
1,275554433	2,235562464	833,24
2,305930966	2,127173806	329,88
0,197258247	2,901482485	326,59
1,092413789	2,547815075	357,34
-0,123182753	3,13059409	513,79
0,214746369	2,798974193	319,79
2,471277692	3,785026592	312,78
1,102397574	2,528974024	922,29
1,110469016	3,563607939	467,51
0,537310381	2,201677472	346,6
-1,368638453	2,585750935	634,32
-1,134245889	3,533782051	992,07
1,651276055	3,504553885	927,71
1,785330622	2,379675422	626,82
0,022451177	2,097349182	509,58
0,661958842	2,050475247	393,82
-0,336891018	3,348155663	775,98
0,284629775	3,061514654	627,78
2,187075666	2,868290481	356,46
1,520780809	1,881620835	725,13
-1,51870502	2,756292906	379,51
0,884666967	3,041556719	568,75
0,946337632	3,518380186	516,24
0,202279173	2,493296478	860,62
-2,157629825	3,100155259	451,21
0,971662725	3,090585237	820,01
-0,894080573	2,342995304	881,47
0,075273117	3,008943572	785,23
-0,12770836	2,201164424	574,22
2,434945129	3,443032132	682,75
2,340627311	3,734272112	962,7
-0,601252287	2,341497579	735,69
1,74736838	2,528364616	560,96
0,53721871	2,17763698	987,53
0,421485394	2,573439671	580,98
0,377644372	2,2450918	730,7
0,447715282	1,865864488	717,16
1,273562032	2,756317095	953,5
1,466145763	3,278562753	458,02
2,478565496	1,939295745	909,55
3,359088699	2,964125802	830,79
0,51586903	2,569330905	744,78
-0,665342591	2,463823797	960,63
0,03510245	2,738897342	546,76
0,52522063	3,251357656	493,8
1,45936759	2,955979548	355,35
-1,454830041	3,303170711	330,77
-0,524853295	4,91433392	817,36
3,22522016	3,031494447	718,59
1,451025966	3,511237578	327,39
0,119609037	3,555043387	920,17
0,172379156	2,667116979	334,79
1,733121956	3,635305075	761,97
0,883564925	3,280621254	482,4
-1,406244523	3,397490456	835,03
0,725402776	4,16396492	516,99
1,242165682	3,416938217	360,06
-1,440302857	3,58728473	726,15
-0,075470096	3,003552142	681,44
1,561346309	3,639870449	325,92
2,034651098	2,610476489	707,98
0,00447851	3,432371368	496,28
2,245074863	3,198524339	950,41
0,993024849	3,207193872	589,09
0,009655996	3,572983184	561,55
1,910838533	3,486097572	553,75
0,94637639	2,10168327	487,13
0,510353337	3,095689581	415,61
2,392539198	2,849278277	478,09
0,851822867	1,863035122	792,13
1,420108372	2,408436829	843,37
-0,169666553	2,007063394	824,23
1,674909156	2,868374726	666,77
2,634139717	2,667974535	734,29
0,107919439	2,521283091	527,14
0,154504993	2,951185945	721,95
1,191257822	4,091472198	851,96
-0,30181939	2,696545618	589,86
1,47818717	2,678319169	406,53
0,935617399	3,201292558	611,64
2,110103987	2,586378455	389,9
1,898829888	3,1163618	788,5
0,196052502	3,31523846	386,42
0,862974999	3,016181108	855,49
0,380865527	2,954190881	539,84
-0,604980527	2,719824629	802,86
1,556793734	3,105740423	424,77
-0,596306892	2,601246467	349,55
0,955320973	2,669956966	668
3,87566727	2,881063038	770,44
1,594068257	3,124337239	850,25
1,686012174	3,317925531	433,28
-0,809975259	3,415806353	661,67
5,371285277	2,548650522	672,5
-0,511719574	2,475055171	826,77
0,750480331	1,977474448	382,36
1,101926989	2,006840153	640,3
-0,381594268	2,827854666	649,14
0,546164082	4,062831324	838,55
1,282098057	3,813638656	383,62
0,813624776	2,220140841	319,75
3,266280649	2,734079535	879,48
0,572912762	2,978441181	315,65
-0,234456394	3,390663883	311,21
1,566431648	2,794609138	829,39
4,46834518	2,656406466	339,05
-0,099460925	3,157296488	361,93
1,104851285	1,699668469	679,36
2,814564455	2,52727687	711,45
0,681687017	2,160200997	749,22
3,731873951	2,495932362	680,08
-0,006189334	3,036219719	645,87
2,431459625	2,60901585	361,17
2,828277419	2,27277888	678,99
-0,812249732	3,898935928	607,64
0,705491416	4,019738155	610,76
3,382243504	2,549710964	730,37
0,059152252	2,627250576	456,89
1,985412417	3,711242799	828,68
1,07401577	1,897041927	914,94
2,577841152	2,458622971	695,21
0,37888978	2,832320563	585,53
-1,36228673	3,728622501	442,19
0,392264904	2,517295065	971,86
1,048184332	2,687492008	591,7
1,73547503	3,225463721	910,07
3,321605283	2,404821399	383,09
-0,578702137	4,704763861	953,83
-0,28604912	3,189670109	817,04
1,078121658	4,361136226	591,11
0,883489196	2,571821113	497,89
0,443956949	3,770339505	973,33
0,864224257	2,073919825	486,16
-0,369308355	3,418233121	879,1
0,428855977	3,999171355	999,02
-0,009966081	3,66667372	591,52
-2,438327004	4,89005828	431,29
-0,833086317	3,656747419	629,64
-0,330361245	2,89989453	884,62
0,617912982	3,02376687	564,59
0,559589835	3,402221575	475,4
0,550755089	3,25350601	538,83
-0,952513245	3,613461607	791,9
-1,323802882	3,056795523	358,88
0,913859105	2,738202871	413,46
0,611923876	3,111671478	983,38
2,275318564	2,63996817	674,32
4,068772037	2,667841713	945,39
-1,168308372	3,521576992	477,78
1,450435588	2,678336788	788,29
-0,683186296	2,817015779	689,1
4,548361736	2,445859522	757,87
1,848586422	2,684037763	992,4
0,183565379	4,165172757	574,05
1,692482594	2,433348163	787,22
-2,608276606	3,93379569	405,4
0,892491649	2,717113349	640,45
0,578422934	2,977089404	726,22
1,727206177	2,549017249	560,36
-0,710290446	2,978842278	946,61
0,778446967	2,340691622	661,17
1,406053198	2,414382072	745,5
1,442709326	2,202260502	448,43
-0,318771627	3,258235148	427,55
-0,265869428	3,245014663	661,19
0,028567739	2,300115176	452,52
2,300297387	2,823077468	352,12
-0,701159759	3,183143462	428,11
1,066274322	2,295251861	949,21
0,929640437	2,747735287	528,7
0,641661982	2,141471797	738,09
0,098403137	2,460976894	330,03
1,705523947	3,195502008	692,94
2,312596736	3,572540319	397,57
3,106126564	2,579304404	972,72
0,452924912	1,965661348	383,62
2,067131665	3,310037301	963,94
0,366282012	1,760999112	777,8
1,033590327	3,610581155	689,32
1,295744876	2,482666483	955,06
1,339885612	2,978475688	978,51
0,760648727	3,343370896	543,35
3,986903749	2,985875796	918,05
0,318878377	2,734617432	335,33
2,205638048	2,52553615	378,07
1,69174724	2,693332419	924,98
0,705352589	3,684621148	629,48
1,812135601	3,199110765	832,41
2,873590117	1,844814114	749,17
0,192951832	3,055895284	457,17
2,490817763	2,494406518	675,85
1,294475256	1,744497097	540,42
0,135995746	3,443890827	535,44
1,590048672	4,786415108	406,25
2,205870216	3,361551742	862,39
2,608636453	2,450980175	989,76
0,926428936	2,175419671	363,67
2,229985813	2,845621056	781,43
0,228074398	3,025017781	417,36
0,313542649	1,593069389	810,9
1,138073129	3,051761374	822,72
0,256375073	3,148029235	503,18
0,902492668	3,338819798	351,77
1,612690313	3,853123111	520,12
1,317559248	3,115649114	644,82
-0,61142594	1,916838381	694,78
2,280852329	3,232660097	736,22
-0,31216549	2,479841752	725,69
1,953278545	3,916378104	791,05
-0,44189032	2,30872413	855,43
2,641668833	2,12206589	620,46
1,744794788	3,315988099	350
1,283706746	3,088656449	335,53
3,044995948	3,297118664	424,58
0,986393905	3,513833529	745,32
2,195158931	2,486436986	632,1
0,939604607	3,452583346	438,33
0,343377624	2,510604783	365,22
1,66401536	3,04146271	525,96
-0,424517215	3,107209566	606,98
0,69706398	2,983198839	889,36
-0,903682516	4,107434808	806,19
2,1489528	3,234260567	899,11
-0,139967657	3,426432785	994,27
0,43070257	3,228669385	651,43
1,671725138	2,632643831	811,58
1,099596793	2,459275174	658
3,475215144	1,869119424	301,18
0,263949159	2,294219529	788,39
0,978050019	2,841334816	949,5
0,434189133	3,669411131	711,96
2,006015968	3,024792478	827,52
1,373251349	2,368035776	970,88
1,63192423	2,791670016	885,26
0,826550541	3,268208647	946,12
1,599410204	2,698132144	700
1,26121712	2,777473417	496,23
2,314763216	3,711004018	523,63
1,757789459	2,608789924	715,49
3,142973829	3,623637448	946,74
1,917087751	3,784238533	575,63
0,565497608	3,410779707	835,06
0,328668683	2,269628238	640,93
1,211602321	3,687898998	558,31
1,005605677	3,08007615	957,7
2,102932775	1,70482984	894,82
3,241807103	2,997876072	769,5
1,5070789	2,339649846	972,42
-0,123495895	3,706694267	547,13
0,718014134	3,031222343	714,93
0,317493633	3,866839195	552,1
-0,145177222	3,092793177	598,65
0,562374177	2,485631369	711,81
1,965880471	2,64048755	645,29
2,120424848	3,550667317	613,97
-1,615447432	2,885983845	581,53
0,915089509	1,373627195	520,16
-0,405990245	3,658184604	879,81
1,73305763	3,460075159	988,2
1,902790548	2,728802066	302,75
2,091193186	2,718551124	507,38
0,671351821	3,417941552	656,77
1,874342756	3,981469728	385,83
1,942007016	2,772493471	317,6
0,871381556	3,532170277	775,24
0,83656226	3,959879596	929,41
1,288326776	3,601403996	523,52
2,701666086	1,367423624	398,59
4,380589465	3,032180881	366,24
-1,411489958	3,393781302	680,07
3,032549949	2,23290904	375,08
2,384737418	2,825046161	587,82
2,222390364	1,591986166	674,85
1,260762272	2,545682973	737,06
-1,308681034	3,264469432	631,61
1,681779412	2,235436831	792,06
0,837888955	2,385856705	499,2
2,409836976	2,532573696	726,33
-1,911136038	4,186678551	665,42
0,086302842	2,679722527	782
2,796442289	2,698833357	402,54
2,268149489	3,794049226	601,82
0,567997257	3,053745393	729,49
0,252680435	3,1673687	534,21
2,671864692	2,735248364	351
0,896734709	1,779009213	997,64
1,753568946	2,707805378	691,81
0,20643304	4,021100706	773,99
0,713200642	2,973892959	685,85
0,197737095	3,31819584	873,78
1,277091173	1,688142936	477,9
3,246649498	2,754393528	752,16
0,855478248	2,980491215	454,31
2,284112864	2,011667507	750,3
2,258733451	2,920319464	318,04
-0,45411748	2,900545235	350,08
2,198949851	1,973308167	635,83
-1,791819286	4,189318199	632,55
-0,248281692	3,328580184	731,46
-1,848919899	2,978268431	860,77
4,510638251	2,677748095	771,22
-0,645326355	3,428780213	811,96
1,589112795	3,061656286	806,89
1,44403978	2,495551636	856,68
1,600384566	3,732744328	565,72
0,890185417	3,067968952	746,76
-0,167493787	3,618147021	628,68
1,780887881	2,854283247	563,49
0,371790951	3,278229096	628,76
3,040702241	2,823987232	390,81
-0,249992007	2,121167206	897,9
0,599011241	3,600044152	728,5
1,574887593	2,955451506	818,1
2,507363888	3,31104759	947,99
-0,148844186	2,907111665	327,52
3,163670765	1,324778423	367,81
-1,20093406	3,218883972	381,77
-0,369834525	3,347560535	343,36
-0,171298329	2,83913677	302,1
-1,627385367	3,126206929	504,06
1,499865141	2,632896899	506,81
-0,282936975	3,399287551	505
1,508701477	3,01161002	443,57
1,916555842	2,340945095	647,3
1,914102252	2,339643333	738,28
2,211361143	3,678274277	436,7
0,947323347	2,276063183	949,61
-0,050836322	3,02393179	466,74
3,113537189	2,57347837	963,95
-0,586232493	2,078244667	333,39
-0,428686475	2,430240239	910,32
1,441273074	2,795780884	647,45
0,872888644	2,446233032	757,31
2,356197268	2,998654875	546,23
0,087598266	2,398249051	705,4
0,726450024	1,882753172	309,06
0,082837118	3,11118849	619,02
2,715543255	1,989984812	331,28
-0,176505544	2,429814733	658,45
3,330378475	2,808126246	817,06
0,871699429	2,026210874	432,61
1,274154246	1,884537674	568,19
0,054170382	3,370080191	559,94
1,774113626	3,108220565	683,87
-0,94564423	2,237009452	678,89
1,329085288	2,319548185	657,67
-0,991552474	2,833764136	474,8
-0,87164084	2,024346616	985,99
1,593237216	2,910732351	785,1
-0,184856592	3,28175449	307,15
2,559793388	2,467206107	914,96
2,182888927	2,65580175	805,72
1,927724572	3,185914084	348,69
2,934401425	3,521283142	449,63
0,378808952	3,142478831	883,81
2,652390264	3,25009221	436,93
0,218826847	3,246277245	650,6
1,703418391	2,4186311	958,19
0,605593435	1,929498628	952,54
0,869138587	3,753453506	675,83
0,225440595	2,995240632	463,09
1,106549037	3,749004318	916,47
4,347176951	2,361206684	832,22
1,809086141	3,760360475	543,41
1,225777373	2,665527803	420,7
-0,136456205	3,431179851	987,35
0,486173172	3,212298145	326,61
0,748488254	2,459530263	397,79
0,293261867	1,904599518	706,98
2,522348384	2,264684859	981,19
-0,130640908	2,359884502	521,78
2,963027975	2,389970096	831,43
0,09330512	3,319299668	319,99
1,490609259	3,163140874	884,82
0,57669396	2,204736012	313,78
-0,513644647	3,7151007	908,51
2,67355162	2,572266081	379,33
0,99447281	3,533452701	887,01
1,20734695	2,263430251	765,54
2,241965597	2,876210441	952,61
2,879296729	2,069567939	643,28
1,373441288	2,275432288	910,97
2,188438296	3,015068527	398,51
0,82122026	2,88461181	994,81
0,565710847	2,428778564	795,7
3,007630548	3,171934215	726,02
2,691728816	2,717726676	571,09
2,268282107	3,390767121	540,65
2,938636533	2,475012306	832,08
1,276678113	2,887315172	727,09
1,829797619	3,29469632	582,72
3,337280522	2,427716857	732,8
0,371809424	3,797060574	500,43
1,941232261	2,010453131	852,39
0,4743671	3,243253964	757,17
-1,877605645	2,849155217	650,68
0,454963225	2,739131234	699,46
2,526851214	2,733375789	361
-2,605359247	4,450139899	698,96
-1,532414122	3,166886191	603,2
-0,218030557	2,833145398	902,45
-1,210295934	3,728520097	412,9
2,875898117	2,500703936	541,2
1,981477261	2,949288701	622,81
-0,103654541	2,610527393	947,24
1,503528499	2,939922092	369,18
0,849231209	3,241546011	412,78
3,530880766	2,819559125	848,84
-0,574274135	3,424245788	869,24
2,8126185	3,228149186	483,82
-0,942652815	3,435809889	544,04
0,642975273	3,406468091	645,94
-0,242744909	3,633665668	569,82
-0,041320425	3,708519167	853,64
-0,626811268	2,753366511	986,95
2,26576709	2,442734484	601,12
-0,899454318	3,324805569	962,61
0,228661383	3,047126449	734,36
1,260788616	2,625486653	478,34
-0,696372903	3,875115169	774,42
2,741328563	2,827276962	792,29
-1,018079696	3,97089483	582,44
0,328433349	3,329651412	641,5
1,162703597	2,033863996	396,88
0,842208426	2,642360819	660,74
2,38324235	2,608017111	449,94
0,778522613	3,015441457	476,75
3,786047156	2,570798091	914,11
0,495059177	3,483185126	542,57
1,383819949	3,117028817	379,48
1,466865141	3,966567351	761,38
1,742850461	2,700449445	416,01
1,960387135	3,726440461	457,72
2,426282207	2,573379186	688,78
3,062095221	2,866062701	754,52
1,792224314	1,865630814	429,65
0,622407606	3,274127959	709,07
0,995089349	3,571066526	784,42
0,5687829	3,822162893	761,4
-0,231579739	3,808939134	969,82
0,337233974	3,328077308	659,81
-0,255558609	3,130631182	539,15
0,127263556	3,062356583	690,77
0,524872865	2,537693846	553,32
2,685083118	3,462461094	497,31
2,235580044	2,722045457	609,55
1,035096222	3,126243821	430,2
1,114643284	3,150915997	799,34
2,647691929	3,172972352	680,53
0,077588126	2,888879082	789,5
2,079185242	3,105714189	581,11
1,048284977	3,14909193	837,8
1,584933049	3,749626729	972,01
1,000469966	2,96789008	612,16
2,062947011	2,540481728	784,34
2,703180085	1,75197499	879,69
1,823217112	3,5210388	906,44
2,077734521	3,269870804	380,97
2,632057039	2,358604789	308,12
-0,537325602	4,271342672	481,05
0,282433792	4,253614563	540,43
3,692583983	2,483200025	789,84
1,787666057	2,841343329	806,66
0,856746495	2,986293878	484,33
-0,087528915	3,274000598	803,73
0,307690524	2,6695384	984,11
-0,000563135	2,875303902	385,36
-0,291587319	2,690185599	387,31
2,397864746	3,942132167	660,6
2,376396297	3,351013792	752,73
0,102547191	3,58970877	947,77
2,386737872	2,720086636	422,02
2,404575936	3,154498597	794,68
1,948305997	3,397833095	882,89
0,751912868	2,785945822	549,29
-0,184480794	2,703567366	791,4
-0,086227183	3,507891191	773,97
0,857703857	3,249462577	760,74
0,177884193	4,267307383	878,69
1,465748713	3,481681545	629,02
1,934786914	2,410906361	398,18
0,725614749	3,661309298	736,38
-0,775607141	3,498199155	642,14
0,22526384	3,262258756	803,41
2,048067774	1,778411377	933,44
0,550835929	3,971609542	629,25
2,079407749	3,463099282	780,37
1,071779466	3,777135328	947,42
0,951116476	2,802707857	728,36
1,716140613	1,974328	893,8
0,887485506	3,08892527	699,41
1,637565687	2,873176691	864,9
0,766762334	3,658184781	945,71
-0,959208417	2,907498263	320,04
2,94265117	2,881193429	825,5
-0,175704415	3,719670858	310,05
-0,075888382	2,968506167	785,82
1,58636169	4,162111751	703,38
-1,02337493	3,711572397	869,69
0,189727844	2,348583926	772,5
-0,37395126	3,463914115	638,64
1,6488911	3,206909822	574,58
2,096590781	2,803507726	768,54
1,443054951	3,12447508	402,02
0,528211333	2,893344605	740,22
0,323717585	3,123463983	787,97
-0,622967796	1,468195449	773,46
1,876594508	2,377931572	468,13
0,085339642	2,990052266	575,08
1,68963157	3,811788944	776,21
-2,197141658	3,258317861	919,4
-1,130610917	2,930460117	852,78
-1,048197045	3,426161249	965,4
1,873844241	2,684882521	340,68
-1,850574323	3,338525879	866,51
0,024195149	3,676736024	694,46
0,331746105	3,459261855	555,28
3,487840406	3,159914172	814,63
1,300348942	3,294822898	842,05
0,153622207	3,606582383	629,1
1,123662493	2,932472355	424,58
0,205990072	3,144419441	375,54
0,812651927	4,046878608	873,05
0,476572503	3,253004474	995,21
0,58235824	2,668352126	865,47
1,990959109	3,157945545	521,03
-0,318937743	2,75968171	958,82
0,30590826	3,895701698	566,77
-0,813110247	2,267067612	570,68
1,993440291	3,303493122	917,02
1,921810852	3,302569147	493,76
-0,908631493	3,264970359	663,75
0,980938412	2,905507187	727,27
1,428890355	2,904566694	524,1
1,098569725	2,513685028	879,03
0,249571849	3,657371763	897,79
1,288707078	3,159631905	376,3
1,333183822	3,132009449	877,14
-0,236867098	3,947866527	459,74
1,432971509	2,79068335	544,54
-0,364729428	3,128425738	889,24
-1,392694769	3,616302528	336,04
0,959242086	3,927081826	620,32
0,893429058	3,650667555	859,07
3,006698652	3,208519286	798,68
-1,28700856	3,006724846	666,82
-0,763010083	2,057463639	730,44
-0,087837113	3,659310847	689,92
2,597931585	2,574596959	427,86
0,602050053	2,919977181	405,72
4,184062324	1,7743341	360,42
0,310519881	3,739184398	903,86
1,299376347	3,260548008	419,15
0,324339476	2,054273787	777,24
2,007965205	2,456924871	758,77
0,275323025	2,53325234	904,49
1,036861885	3,160695446	655,41
0,670421656	2,944779943	550,02
0,673825614	2,504125323	625,6
0,422129595	4,826180566	571,63
-0,078920366	2,220318071	540,17
-0,62384071	2,625401953	753,6
0,908405593	2,951299001	390,58
1,626541811	2,514951082	412,54
1,780692051	2,702413022	785,6
-1,415015247	3,886143362	386,66
0,093053969	3,219210845	568,52
1,151312003	2,523556144	933,31
1,943885572	2,554556065	769,52
2,147039124	2,233168469	462,58
0,884069341	1,693184838	922,71
0,318676657	3,884280158	741,64
1,751910481	3,486644566	825,93
1,411154315	3,406466464	893,2
-0,086556188	3,28580504	984,64
0,284468019	3,08466303	776,61
4,608967288	3,113575859	877,41
0,180553188	1,887094098	917,7
-0,304555279	3,583236362	872,02
0,667530685	2,604447704	813,77
1,151140106	3,766127293	707,06
-1,162276596	3,131435557	615,22
-0,3953808	1,983269026	945,48
3,160568929	2,382534108	764,12
2,293884774	3,577008259	398,98
1,671778572	2,980198105	570,44
1,651185003	3,007597512	655,54
1,564163384	1,790278168	680,05
2,823691432	2,763948656	826,73
0,720901514	2,95451491	522,62
-1,940545658	3,307728169	960,9
-0,150462101	2,793833928	828,37
2,666025373	2,890223068	751,95
-0,34593292	2,648052611	324,22
0,897445926	3,327062207	994,23
2,798122308	1,806589047	523,22
-1,101602967	3,122647756	484,4
0,359512253	4,334133065	447,99
0,283194774	3,370510424	346
-0,050996515	3,391316419	814,38
-0,708512911	4,074251182	440,09
0,411894068	4,138490643	456,52
1,483229481	3,246736811	558,14
0,623784394	3,607172439	573,55
-1,270046508	3,261628151	364,14
2,041445826	3,332432361	743,91
1,212630078	2,429249965	960,33
-1,259452741	2,818528576	573,28
-1,742478211	2,937371896	899,14
1,005795432	3,426681326	345,58
0,799782623	2,698664248	919,92
1,29559312	2,708572588	334,02
1,155561392	2,234625921	660,23
0,273226455	2,466965718	800,27
0,208184012	4,618740951	408,66
1,101560336	3,330450962	789,97
-0,037994803	3,152167537	751,7
-1,271871928	3,760892765	635,33
1,983897847	2,759875918	469,68
0,973554654	3,653892851	755,77
2,43361752	3,293396095	991,99
1,770757591	3,57924529	504,5
1,387590688	2,08181998	967,37
0,085798831	2,804062628	883,51
0,403922579	3,060828939	649,75
1,019342373	3,244514143	535,68
1,390488647	2,543442904	321,4
3,04611001	2,393134775	335,92
1,661871113	3,194784866	831,68
-1,824740173	3,657857612	765,54
1,857381856	3,118242159	619,23
2,527361414	3,442831667	838,73
2,993924989	3,765393485	860,4
0,557852801	2,965862826	504,22
2,819589762	1,848789809	308,28
0,510876133	3,450172548	622,87
2,747449101	2,57735676	937,73
2,611614594	2,728663697	908,74
0,413878148	2,124845125	865,18
1,95757582	2,271086207	970,55
0,365316719	3,695554483	666,19
2,71089585	2,729499319	802,86
1,720774151	3,042040753	514,04
2,730348792	2,577687284	976,82
0,974236236	3,215447129	902,78
2,378462119	2,990208585	967,61
0,970911929	3,274172956	968,37
3,83047042	2,252563019	416,59
0,961308228	3,285057928	557,49
0,087818004	2,742226279	990,65
0,40093021	2,550133771	660,66
1,244100049	3,125725584	836,24
2,683087929	1,415148262	354,69
1,26337758	3,050001178	858,52
0,118750979	4,070574659	402,25
-0,806919973	3,22532556	797,06
1,926556132	2,487964919	422,49
2,237020948	3,005911181	518,25
-0,372574203	3,148542209	300,56
0,356424732	3,32339149	943,65
2,375028135	2,903158706	964,72
-1,291447301	2,555499438	840,64
2,998804059	3,331747102	616,59
1,561701066	2,516827231	380,1
1,853267751	2,888448235	628,05
2,92633782	2,25072422	793,96
0,926177102	2,906371245	348,05
0,941896269	2,940420946	702,64
0,884052292	2,905462654	982,31
0,271797103	4,895134978	665,09
0,984940976	2,265673778	906,14
2,106324619	3,270531637	318,14
0,753052094	3,537781823	773,06
0,147198347	2,351659919	592,15
0,209749912	4,092318251	598,26
0,195723448	3,490222133	745,46
1,062159053	2,96925194	732,68
0,341746647	2,180718614	925,13
1,760173503	2,865721743	420,68
0,42731311	3,026869888	527,16
3,249380076	1,651684537	505,18
1,596263866	2,463262966	740,58
1,505689243	3,71314915	836,51
2,452513365	2,844335756	470,51
0,243877428	2,254771722	583,35
-2,112282258	4,162081105	842,92
1,328786523	3,011505139	300,39
0,997526053	2,169688479	352,72
0,356578621	2,358623135	872,42
1,712881157	2,891115449	760,25
0,153784828	3,505501546	482,91
1,290347783	3,738871746	464,01
0,807440209	2,782442419	395,97
-0,097758944	3,007227381	394,37
0,720491235	3,198074048	601,54
0,668964838	2,78897778	393,67
1,666733259	2,588395064	783,02
0,854671196	2,923210991	595,71
0,270094386	2,987536659	471,53
0,469295761	3,182243747	943,17
0,498979347	3,660468218	892,31
0,197329887	2,660440226	838,74
0,507692518	2,842593736	902,36
2,195193626	2,926877941	517,99
1,754099577	2,216531502	551,4
2,07585616	3,111036881	756,78
1,070919914	4,13856553	736,7
-0,629491853	3,579362931	679,42
0,041832774	3,45891383	547,01
-0,190196705	3,883049318	504,38
0,25560055	2,456522857	861,63
-0,197375131	3,218695952	871,71
2,60075569	4,430885675	831,8
0,002557531	3,110280111	711,92
0,510590388	2,398721445	694,3
-0,477079307	3,065421728	807,27
0,75606764	4,678837235	841,43
1,243074029	3,101901268	890,13
0,749238769	3,201183887	537,06
0,465466867	2,788935155	778,37
3,42901169	2,625670052	401,96
5,159231087	2,152445062	385,91
1,183946508	2,734850572	883,76
1,171637392	2,462006413	881,77
0,074136853	2,227175096	483,18
-0,046937999	2,840104428	516,52
1,618340586	2,636383057	435,25
1,724306809	1,817748205	975,88
0,26021428	3,01526839	961,2
1,262579993	2,856815293	853,2
1,121695795	4,212769225	902,77
-0,188138357	3,76255034	896,66
2,046804693	3,30096916	463,19
0,140884907	3,391518898	369,83
0,600080206	2,59148587	415,13
-1,643150144	2,842328081	890,56
2,408994205	2,862845542	376,2
2,643815036	1,856713372	601,59
-1,220573878	3,475594229	737,1
1,252890574	2,212694882	729,39
1,903457053	2,800138222	697,85
0,962058744	2,054857408	720,7
1,427505436	2,903470294	536,63
2,802316664	2,706213525	795,4
-1,012528243	3,591218628	980,78
0,704151544	2,940504756	661,06
0,161137523	2,612034464	925,52
3,449064412	4,035238573	999,61
1,165259034	3,175992467	649,03
2,664143628	2,087702041	826,42
2,136818865	3,243405374	748,06
1,720131613	2,825509573	878,94
1,550528015	3,141578318	941,81
2,275870528	3,241532676	913,28
3,390515726	2,754611238	423,25
1,815371861	2,850796161	570,44
0,249035939	3,217536318	773,99
2,736407726	1,971688646	303,87
0,830084399	4,286754517	355,99
2,444997266	2,621738847	762,31
-1,155145358	3,690839747	754,22
0,393184152	2,622765197	715,15
-0,459000819	2,575708807	775,28
0,116277515	2,641840805	511,82
0,482467469	3,189051897	461,32
0,134533969	3,16838699	913,19
0,784708352	4,641580024	931,75
2,403963796	2,289573537	363,5
1,642447489	2,117955279	616,22
0,306849905	3,700958629	539,29
-0,388523504	3,07168219	644,92
2,63166787	2,283691056	375,25
1,231155939	3,205769692	325,62
0,395163157	2,860129423	996,07
1,28651628	3,684109761	624,47
2,351781638	3,442889774	754,46
-0,206023388	3,481634753	518,17
-0,027176448	2,486408631	515,29
0,941356335	2,981953214	601,53
0,183941988	2,856705345	648,17
-0,0984487	3,595538527	558,49
1,765821178	3,745490424	576,98
1,808124917	2,853465232	621,53
1,537669175	4,126868739	589,42
0,069695955	2,635132577	858,63
0,56460872	2,955259957	433,09
-0,100062786	2,679764799	897,93
0,978931703	2,60449648	950,7
0,370711876	2,893392125	691,1
0,803767096	3,111989862	468,87
2,50950412	3,385238393	755,42
2,362665038	2,821269875	699,02
0,376593074	3,33850558	345,7
2,770734241	1,988090566	807,54
1,983323347	4,166703222	759,7
1,985947724	2,359224953	407,35
3,028479575	2,65162935	695,54
-0,300133708	3,459908284	621,93
0,404461227	3,265037698	504,76
2,423118978	2,765872699	568,12
2,14794007	2,895835664	606,48
2,032792563	4,774450941	426,73
1,779482917	1,624919065	347,47
-1,037759865	3,092114046	861,93
0,378543226	2,882580568	919,57
-0,155237852	2,049195667	464,27
2,43294301	3,66406779	693,14
-0,863959024	4,094978395	631,45
0,327617221	4,809987248	434,06
-1,089372513	3,043728281	920,47
-0,016892146	3,639324476	834,2
2,261454801	1,938687783	942,4
2,189353284	1,56178938	390,78
0,172727848	2,656282102	410,14
-0,224553415	2,693736391	351,24
0,697123297	3,132953357	602,53
1,282101508	3,071658132	946,36
0,614545644	2,290138443	555,68
-1,194860342	3,457992107	664,64
3,034156242	3,778104722	639,59
2,568404197	1,821333639	482,45
1,1546697	2,7998811	697,59
0,978071037	3,249104387	914,76
1,368288596	3,20927353	383,04
4,171570985	3,159235253	698,96
-0,599464754	2,802793802	886,65
1,767994122	3,851095861	391,12
0,450557243	2,870691517	882,96
-0,328167419	3,199733607	434,29
0,607928839	2,886443759	502,44
2,85107064	3,214145503	809,91
-0,593249364	2,357859457	551,92
1,619888698	2,725730088	409,02
3,44133811	2,168035191	670,39
1,599247515	3,149502368	761,36
0,862773645	3,723752865	461,48
2,197794859	2,041730388	385,04
3,472988214	2,594239911	890,61
1,462616782	2,318950276	986,28
2,214066082	2,573759873	694,09
1,610767282	2,562887293	352,79
-0,688929544	3,88266793	452,21
1,043932112	2,958822144	701,75
3,604402455	1,993956479	636,26
1,19118574	3,02579364	391,05
-0,969755345	3,617570923	895,24
1,813039406	3,52080741	997,62
0,369287372	2,809637348	395,68
0,641991004	2,879005131	954,97
0,3799714	3,387046925	476,64
0,454628719	4,396216987	749,41
-1,774826218	4,402839741	870,29
1,4252887	4,124745296	721,89
0,427126527	3,384008955	994,98
2,653496311	3,260078804	501,19
-0,035609459	3,674135749	914,85
1,926214042	3,797097367	986,87
0,536375582	3,02205911	405,25
1,606282661	2,484747292	585,86
0,380703869	3,854993709	680,79
1,429350532	1,687164357	396,09
-0,536077524	2,656417026	455,66
1,189637064	3,034142142	982,32
1,094840357	2,984097446	312,26
1,253361988	3,242526902	446,93
0,194602069	3,525821035	986,32
2,26574821	2,108789516	996,77
-0,535555627	3,844591869	744,95
0,274933554	2,689943111	777,29
3,145537341	2,850156263	378,44
0,829741207	3,572716836	320,94
-0,681064975	2,272818659	480,08
1,326322822	3,322657104	672,51
-1,261127987	2,913481942	431,6
0,599303658	2,387452355	478,99
-0,864043045	2,862418834	440,75
-0,770958049	2,482469831	839,01
0,110572734	2,692437583	325,26
-0,221548595	2,325442184	786,82
1,749084468	3,680874543	549,92
0,448528207	3,594811437	528,55
0,367480051	2,72150198	504,73
0,374324595	3,393334485	500,64
-0,04262515	3,049299018	556,41
-0,668006808	3,933577469	562,86
1,306316704	3,347233966	840,52
1,46684694	2,134428034	352,47
0,64516265	3,447169119	620,02
1,505444817	2,561050232	567,26
0,507286121	2,880181653	412,99
2,44844293	2,711590177	623,06
0,315612543	2,434422461	950,61
2,427968999	2,069947535	880,43
1,419398484	2,684540082	462,17
1,244597642	2,147092363	405,79
0,402728797	3,858584222	836,91
2,694095051	2,914806075	839,39
0,94810653	3,822386123	704,89
2,882357007	3,268937612	726,16
2,689841365	3,660518627	504,96
-0,232127228	3,734063414	714,75
1,021498165	2,306919489	649,47
-0,015584858	4,327384236	329,97
0,005203921	2,99875408	537,51
0,038072056	3,704053496	519,1
2,138016943	2,771360114	828,93
2,066587227	3,047184934	968,63
-1,127225698	3,140375562	758,27
3,796637124	2,445630241	971,21
0,589859624	2,783932436	687,08
3,236760944	2,462517286	862,51
-0,611352001	3,247064223	798,66
-1,229741982	3,469586505	364,24
1,57439975	2,676442572	827,6
-1,47802771	3,732895027	912,04
0,225488981	3,242848872	970,09
-1,318995252	3,400136464	711,02
1,377877606	2,111477531	530,69
-0,171613177	3,216074897	652,24
-0,426993652	3,590401488	317,62
2,272339107	2,548539999	312,31
0,031486494	2,392884231	999,22
3,057349069	3,651880521	468,99
0,046090721	3,282503239	800,36
-0,11994151	3,614549869	904,86
1,669653784	2,806769797	343,73
1,204589311	2,793493495	758,72
3,040315828	1,988245572	885,38
1,47057762	3,350503361	592,19
1,302790225	3,624143988	828,49
-0,920359034	2,785226531	563,62
0,084856134	2,687402263	608,55
0,145427993	2,190735191	480,03
2,542681758	1,882900914	363,32
0,608388274	2,527622671	883,04
0,871066472	2,99076404	661,69
3,269360464	3,417672746	407,12
2,535188879	2,026026421	935,87
0,702498949	3,906860464	527,44
-0,497666125	2,720058938	979,2
0,052350548	3,20994265	728,82
2,029752783	2,173370606	574,14
-1,626075959	3,62642514	497,45
-1,132240403	3,435604387	579,03
1,783146809	2,307288755	408,81
2,716029031	2,184455794	995,34
0,560177866	3,512125082	827,18
-1,296543147	4,063693643	851,24
0,508861118	2,418384635	439,46
-1,260876028	3,353568746	465,15
3,552694874	1,907035876	680,19
0,574117546	2,427166605	494,08
-0,351299114	1,509901728	965,94
0,406544788	3,07412877	926,54
2,032396603	3,696679676	899,87
-0,00882554	3,371575789	354,16
1,239892815	1,805220184	801,64
1,704581026	3,224468591	872,04
1,099775139	3,603507792	330,97
1,337707998	1,821240856	973,17
-0,706228915	3,317344942	605,93
-0,940118399	3,302873074	485,75
1,633276929	3,521542179	532,74
0,533720819	2,983449157	689,76
0,101533259	3,15482939	808,36
1,726106379	2,931764855	573,31
0,894570886	2,781833211	778,81
-0,525738078	3,354907999	505,62
2,249092604	2,948287736	446,16
1,789038895	4,192953262	426,02
1,10646193	2,065648992	481,26
-1,595418676	1,279097433	417,03
0,090557249	2,821441321	755,37
-0,414163603	3,280741125	328,93
1,002746416	1,946917007	614,58
0,548632537	3,659663192	557,45
1,270628606	3,671767394	459
1,603379625	3,511331077	574,4
0,102082005	3,09039027	953,71
1,259104819	1,051234812	861,2
1,914256602	3,38209857	979,86
0,352498458	4,031009977	448,88
2,250221789	3,031312864	438,83
-1,165311175	2,186791238	562,93
1,078342336	3,373968818	737,59
1,333893111	2,049189014	976,99
1,300983618	4,097087777	529,5
0,963499631	2,354159478	941,97
0,239450846	2,512943225	816,01
0,252333095	2,642079295	804,61
0,489961289	3,523058561	628,29
-1,145773737	2,899713439	822,67
-0,627480109	2,984108964	598,51
0,614497727	3,535061202	436,9
0,386898292	3,113320629	334,32
1,241887973	2,208061156	342,2
3,347508745	2,291508523	990,7
-1,179441335	3,942791617	329,86
1,674941431	3,05820199	464,33
1,011194721	3,504401431	809,44
1,530923422	3,802674279	616,34
1,551354393	3,070269747	979,6
0,351171658	3,438752154	700,48
0,477879851	2,775842022	947,05
0,658632979	2,649586116	782,01
2,061488746	1,91937339	404,97
1,624798155	2,355102618	623,36
1,151808432	3,035757646	313,13
2,57159556	3,29784792	302,37
1,72573086	1,045023488	719,31
1,515423922	2,338750606	938,66
2,550845371	3,281776651	659,56
2,274834798	3,482354535	383,51
1,144743255	2,523880516	724,29
3,416030958	2,241622839	977,01
2,789430547	2,329311807	689,31
0,782717468	2,857614107	784,8
1,744084934	3,001712366	761,32
0,23896595	3,501988588	854,09
-0,26928592	3,233505863	598,6
0,1407883	3,194646875	720,22
1,3593488	2,910510233	402,92
-0,626902434	3,700030435	633,16
1,32761971	2,390459576	975,72
0,863566204	3,688095514	685,77
-0,565235185	3,988850221	304,31
-0,971030703	3,34916333	616,66
0,328649953	2,744085578	366,09
2,646300213	2,072455249	821,71
2,166555284	2,562928243	886,09
-0,860693359	3,799378236	613,75
2,40979163	2,981236958	732,95
1,395661537	2,656341204	894,24
2,437404938	2,80594394	678,01
2,228078716	2,628175025	527,79
1,901843046	2,77949001	804,02
2,67997892	2,171731251	901,82
-0,045787858	3,126813298	458,5
0,954841075	2,510453462	422,13
1,731035281	2,673164311	582,15
-0,395362183	2,275988604	914,03
0,909223112	2,870238822	605,65
3,12964391	2,304947741	527,4
-2,686544001	3,244418842	369,69
-1,082539555	3,495327286	310,73
0,033808312	2,897579078	868,5
0,620688431	2,570440964	395,62
3,861379835	3,47631248	944,2
3,033358421	3,165342976	544,06
-0,028592321	3,753199552	470,15
0,929213685	2,816780813	615,3
0,344496023	3,343585846	798,5
-0,891041241	3,139417953	329,84
-0,947506798	1,930758549	533,63
0,153320111	2,851482426	825,13
1,920426147	2,854321169	351,94
0,777931572	2,445046786	985,22
1,444301373	2,478953094	345,45
-0,66922777	3,695792439	376,01
1,72022766	3,049780411	439,58
2,574266662	2,926981956	858,8
1,504343619	3,296551782	964,28
1,418805333	3,676309491	942,35
1,223670516	2,877991135	998,08
3,412576177	3,082558969	603,76
-0,051639866	3,345491031	853,63
3,773438281	2,599123117	522,3
0,663539537	2,726266193	613,56
0,666594572	2,635110034	664,11
3,59984169	2,969166767	802,02
0,722418388	2,56026051	969,21
-0,447241565	3,143399901	877,76
0,169779693	2,686933473	890,54
0,128898533	2,730176996	972,59
-1,066707371	3,117661877	696,7
2,622601056	3,479470051	920,81
0,543310515	2,311761592	791,79
0,220504057	1,908367847	567,16
1,666664729	2,988213987	534,43
3,337309374	2,181810917	371,17
-0,345278262	2,654316039	872,94
1,575635673	3,385587569	883,91
0,995373517	3,544685352	974,5
0,46757106	3,14422606	894,03
0,932712092	3,43439653	974,3
1,770749735	2,842264152	927,36
1,95139378	2,730312137	418,15
3,130015962	1,797194724	345,93
-1,297573511	4,019481174	320,54
0,371157823	3,445579779	982,5
1,529247632	3,454186576	458,82
-1,18803249	4,686183815	466,73
-0,344129564	3,451472119	626,38
4,779819388	2,721468851	737,51
0,148191203	2,864626413	418,1
1,931008217	2,908380822	749,85
-0,002827987	1,849006405	374,13
-1,50147252	3,387602076	441
2,120858893	3,549913782	374,92
-1,100449971	3,525598745	444,7
1,362067102	2,906759606	972,95
0,948080831	3,536793413	840,82
0,2686468	2,417495482	331,71
0,897558384	3,256524102	534,59
0,796679988	2,851809065	925,84
-0,182004557	3,598709003	535,96
1,810864752	2,736495698	741,56
1,473353947	2,062345423	935,04
1,741996758	4,304545122	385,53
-0,384353418	2,985923891	722,63
0,992660043	2,693325262	833,66
3,847418483	3,384376662	829,72
-0,22077336	2,006705931	478,61
0,649319187	3,226937065	425,13
-0,960865578	4,310533954	682,99
1,723546918	2,29094173	447,73
-0,77200173	3,161869531	970,12
-0,090801232	2,536835745	789,26
-0,778197663	2,449685025	575,59
1,011448902	1,616314461	329,61
1,642483583	2,528328184	507,67
3,172690121	2,654566804	905,28
3,270163723	2,32722789	926,27
-1,163444514	3,359365346	694,2
0,975315682	3,557915621	979,48
2,112866999	1,746275152	556,98
0,913799415	3,542096731	636,1
0,476484171	1,737732318	612,53
0,300539456	2,50232498	523,59
1,011565372	3,489237772	711,39
1,014870284	2,591378743	478,21
5,025322895	3,548155758	504,27
1,484097681	3,046860363	727,4
1,819861461	2,730056263	386,57
0,375881213	2,834816048	716,32
0,387512944	3,739292962	561,5
2,616757489	1,504139282	701,71
-1,086744043	3,385509664	864,07
0,925286325	2,322229933	518,28
0,672802387	3,23922289	966,86
-0,003272017	3,3777956	835,48
2,047866784	2,80909947	653,51
0,622715319	3,770952786	576,02
3,717185924	1,942676489	653,22
1,939496825	2,890599301	739,67
2,175957379	1,573124783	724,63
1,396853357	2,436517546	809,83
0,331813902	2,462334392	737,7
-0,29494309	3,010867574	979,83
0,644536641	3,711803227	539,45
-1,377054543	3,976847066	635,31
0,197894944	5,059335624	680,05
1,880252011	3,696374372	604,9
0,738587271	2,658203093	505,1
2,405489646	2,908141133	373,72
1,234136793	3,536944872	654,39
-1,487104953	4,184351439	866,96
1,487081428	2,570249821	638,57
0,84265504	3,346400801	495,24
0,56528336	2,791209137	865,71
0,447401851	3,90989426	553,06
0,282202884	2,272599448	841,86
0,202559818	3,185761003	606,39
2,218970134	3,730868933	638,49
-0,0673787	3,15155339	905,02
0,502789881	2,062001038	476,91
0,464908491	3,775823667	618,31
0,502934259	3,076847006	845
0,769383656	3,174481332	905,39
3,372393633	2,620539049	649,59
1,095962484	2,499980354	300,6
0,373191154	3,365234906	659,65
1,046076071	3,128370771	978,09
-0,382347123	3,033022128	355,16
1,594985329	3,114908391	798,2
0,841819502	3,180163762	893,23
0,070143576	3,993251043	537,68
0,972163236	2,793472443	320,94
0,176208703	4,185153209	392,47
-0,33055045	3,442826413	334,92
0,870594339	3,653166804	516,09
1,876816932	2,604910487	634,11
0,364020257	3,446593925	786,49
0,089734464	3,073915622	353,87
-0,231760953	2,933098657	913,59
-0,236816443	3,362145147	592,29
0,211026895	3,030684329	716,46
0,139432919	2,525626296	991,69
1,972382469	2,707074823	707,34
0,333431015	4,427324567	432,73
1,582405495	2,302457063	779,87
1,499814345	2,440255744	438,89
0,681219655	2,181656688	467,79
-0,291657678	3,45602266	387,6
1,140490798	2,595315418	978,68
1,459301833	2,913002995	586,88
-0,487248543	2,635676999	573,42
-0,11770523	3,819695805	354,98
-1,035770097	2,901587129	838,96
0,272959236	3,236879661	978,7
2,404705122	2,326811112	700,18
1,759834705	4,031476027	957,16
1,931936399	2,758916754	608,02
0,412956478	1,808749199	933,09
0,822482656	1,824025879	423,86
1,707432885	2,74652104	667,73
2,214922974	3,018556854	708,54
0,445384998	3,183314713	310
-0,184735414	3,477142863	311,51
-0,247843223	2,622178103	677,24
1,195734444	2,025959447	844,13
-0,425923119	3,703747811	869,44
1,871382575	2,412447716	709,85
2,410881268	2,465498698	446,94
0,436072404	2,270837309	557,74
2,669231861	3,575659533	892,2
3,005396961	2,334607515	525,33
1,265314662	2,54552969	910,22
2,260652464	2,091397649	508,74
1,573942777	2,728733375	688,34
0,07856629	3,251636991	375,69
1,964277687	2,737517067	725,61
0,019447913	3,94928809	733,62
0,250677363	2,814859413	638,23
1,494858531	2,701105632	657,88
0,510177504	3,914176563	859,52
1,660610753	3,838728243	758,91
0,705573773	4,048825783	673,01
2,314474618	3,069360254	510,6
3,470196106	1,84261878	649,89
0,195083643	2,240108532	582,11
1,116354761	3,162571077	958,83
1,44312136	3,742713824	831,02
1,483874649	2,118817639	863,61
1,392102284	3,285260854	860,56
-0,431086805	3,500104504	999,6
1,381951163	2,778531503	616,34
1,799687881	3,038133082	616,83
-0,583813326	2,72956144	605,01
0,158712472	3,999440066	906,83
1,420330449	3,225973403	880,73
4,473377191	2,331515283	377,32
0,761200346	4,206606454	384,03
1,622854719	2,629554508	718,52
0,533367178	2,841574402	467,09
-1,315209448	3,842239894	417,01
0,929087206	3,800707024	874,22
0,210526907	3,564074911	936,81
1,609381103	2,454209548	963,54
1,118337073	3,051290758	784,88
1,037539672	3,227612435	766,4
2,673584878	2,336778527	840,33
0,103124395	2,909461453	892,72
-0,087622012	3,610954573	595,38
1,20733309	3,480519617	566,3
-0,281292481	3,634624295	689,66
-0,049763372	3,066750578	955,19
-0,167921247	2,528929789	947,56
1,420998786	2,820901546	578,47
-0,007078726	3,379036954	580,36
0,64732579	3,343333065	319,25
0,789038609	3,581953204	565,24
0,519145806	3,492324774	995,49
1,269063238	3,70342289	796,2
-0,291596726	3,554731686	784,67
2,9609345	2,06038283	530,77
1,281721941	1,229811577	810,81
-1,825345393	3,681265495	629,13
0,321122231	2,413153773	805,06
0,573668316	2,083262825	935,28
-1,004630789	3,342927229	440,54
0,06939604	2,419503698	626,18
1,19681312	2,282365156	397,61
0,930803845	1,959229675	453,74
1,208512846	3,314734006	972,38
-0,225076767	3,380961191	396,07
0,611057217	4,405314963	599,19
-1,083408717	4,678550302	708,93
2,320375364	1,975967055	384,9
0,663259439	2,74471767	543,13
2,716715906	2,074942665	395,98
1,88119517	3,008866841	515,13
0,23777514	3,870368229	952,66
-1,429049001	2,818567194	919,18
2,02553994	2,790480045	333,17
0,253911545	3,11147811	345,79
3,177622802	3,297759596	545,44
-0,505617859	3,171341494	311,38
1,816249938	1,895884748	850,85
-0,909714766	2,818815689	952
-0,69331306	2,019075332	773,07
1,062311567	3,032254939	778,02
-0,067523508	2,332355893	849,24
1,592868652	3,941521812	643,1
1,162750615	2,097187522	796,51
2,8225448	2,826735078	315,86
2,229924108	3,341125225	731,78
0,942595427	3,752392731	363,16
0,536725737	2,720632117	426,54
-1,110375737	3,829073344	658,63
-0,447921386	4,142242996	529,29
1,826717712	3,663123349	875,34
1,095728212	2,382206704	448,83
-0,416120767	2,819491174	811,25
2,004337612	2,434064092	625,01
2,208653236	2,465345664	855,67
1,242450041	2,932906935	951,36
2,288657079	2,93025751	690,76
1,014113583	1,598680199	963,35
0,713481291	3,047698648	815,51
-0,538899866	3,799483629	385,97
-0,440351332	3,981273444	634,72
1,996431442	2,09586023	369,46
1,337491459	3,4247004	504,18
1,878698112	3,58944417	819,35
-0,96328107	3,338012173	945,97
2,880157153	2,316098215	370,32
1,305025408	2,417272433	578,55
0,196440665	2,797702004	938,43
0,940363649	2,481850855	885,9
1,073793506	2,714568077	876,95
2,358869444	2,118364643	988,64
0,128578199	3,328308613	933,75
0,495768101	2,614229979	539,38
2,07920053	3,179319252	910,09
-0,645171774	5,038030794	923,56
0,753236052	3,041160576	482,37
1,206155676	3,629627756	799,33
2,683235409	2,752049666	477,88
-0,302893664	3,63960074	501,02
0,167544561	3,078427693	584,45
0,93328842	4,153806552	654,46
1,630236758	2,324495744	937,05
-0,49561627	2,91723874	862,4
1,53768025	3,094586572	804,6
0,896876707	3,628083709	927,67
0,160827695	2,501238983	316,27
2,10179104	3,103548608	332,25
-0,252074358	3,001834347	795,65
0,235954923	2,048010898	618,69
-0,242946779	3,457916658	358,98
-0,586764998	2,418507944	980,63
0,628502968	3,173709034	850,45
-0,563319296	3,109646546	876,03
2,234198527	3,05072621	878
-2,050906912	4,946300165	793,67
2,244818418	2,901643864	936,34
0,956174807	3,226107728	842,2
0,363950955	1,903177889	797,64
2,860800534	2,210658423	442,08
0,537463806	2,872215462	389,12
1,749836235	2,828101784	640,43
0,727741674	3,427523097	536,43
2,486294489	3,262652972	921,7
1,366460053	3,275042334	674,22
1,773138159	4,151709011	679,37
2,452375772	3,002782119	545,47
0,168338442	3,467010051	506,97
1,844115867	3,068560906	998,96
3,720754848	2,632198055	669,75
0,874485197	3,097175135	844,45
2,628095268	2,55308581	829,73
0,315045794	3,488129912	699,15
0,860880254	2,897577911	748,3
1,777151837	1,961980803	981,85
0,230724362	3,480431293	658,73
0,166815953	2,786076652	385,65
0,667008439	3,598029224	835,7
-0,345383605	2,455150372	328,14
1,818525184	2,408877666	300,76
-1,123104568	3,148020986	442,34
0,497193394	3,621784334	687,48
1,609640361	1,834935701	714,31
4,503189646	3,999895024	586,31
0,624206303	3,340325908	666,4
2,574376222	2,330641936	469,98
0,516241057	4,272038514	413,7
4,345361013	2,48934346	710,83
0,271659954	3,661079947	956,79
2,417391515	3,02793595	581,85
0,350345273	3,761371463	562,16
-1,09796316	4,262095137	781,83
1,487031772	3,887192328	823,37
-0,009456162	2,565248948	924,6
1,193195081	3,193325354	832,25
0,683405513	2,659452299	593,87
1,314196176	1,7259295	755,3
1,210224789	2,224596524	531,13
1,222225541	2,982131118	429,62
0,246602992	3,107965814	509,91
1,814273047	4,005779533	691,08
-0,09710977	3,699106712	457,15
2,652609413	2,039563231	985,38
-2,090201452	4,376210734	332,68
-0,223664547	2,398438093	883,06
1,059170475	3,918299326	789,94
2,700695338	2,591012448	847,06
1,752090745	2,491506365	313,16
-0,25313982	4,163120817	646,69
0,861157324	2,187726364	741
-1,832549667	3,358583584	892,04
1,758230261	3,452511034	640,19
0,547696938	3,90030187	401,86
0,982541895	3,04355492	345,74
-0,034797882	3,048331834	723,74
-1,533318493	2,696990298	617,25
1,412609952	3,484110706	434,89
0,792272494	2,603422493	703,74
1,094872631	1,908633739	915,21
0,67578339	3,92014963	940,7
0,698717509	3,262678619	384,84
2,336719261	2,716439598	831,49
0,28587246	2,710965613	988,03
3,160440435	2,705571015	777,99
4,513658633	3,211599921	908,51
2,157713214	2,125214332	398,77
0,888293029	3,918407436	545,91
-1,015480645	2,589553873	873,76
1,480426774	3,576699431	631,95
1,178449823	2,383042619	716,03
0,172948566	3,69127544	632,1
-0,237291178	3,779058965	739,19
-0,048817002	3,586702882	461,9
0,915860478	2,690397586	874,48
-0,520668855	3,483316063	332,94
0,944310709	3,437734912	760,53
1,477024025	3,721729906	603,9
0,770242697	3,2444994	725,68
-0,159442232	2,199289119	503,27
-0,555763529	2,768490393	395,41
0,448581274	2,783459519	948,5
0,150909458	3,706981037	588,34
-0,269330982	3,841084166	600,56
0,93273945	3,189655283	900,82
1,490388153	1,632766446	544,1
0,856706137	3,58954415	553,47
0,193646305	2,215188705	870,64
0,846416503	2,799831195	488,39
3,566472247	2,060608289	346,6
1,544794558	2,498933532	328,62
0,851358546	2,659682279	701,25
-0,277759506	2,172643829	761,99
2,76154677	2,077319519	334,85
4,560572416	2,862085012	678,63
-0,844212543	1,961862295	572,31
-0,711141633	3,727297905	305,7
1,058970268	3,730948869	668,87
-0,411096603	3,731493133	389,56
1,190202416	4,054869985	519,45
0,86290398	3,207194202	949,52
-0,161092313	3,376886504	539,78
2,331161317	3,600247327	762,81
0,397432454	3,755638893	597,19
0,493598523	3,273423999	437,34
1,244800292	3,062959602	321
1,691608051	2,732043548	559,99
0,988468145	2,583758364	703,12
1,572828389	3,159437007	457,77
0,671713452	2,601074221	940,09
2,146991175	1,847639828	597,72
-1,388823195	2,376594448	580,71
2,868043134	3,206668952	310,41
0,872128051	2,975183711	473,22
-0,126590095	2,88680135	820,58
1,531608649	3,767338696	687,58
1,811894475	3,205495426	415,72
1,266267008	3,14571306	655,96
0,246218249	2,757718844	797,9
-0,686126316	2,418136733	838,21
2,050031181	3,634164737	744,48
3,247655036	3,548041347	392,18
0,279927907	4,149675967	893,32
2,08443311	3,4100775	965,5
2,487980222	2,994346794	874,72
1,014401793	3,931033825	740,63
-0,533297166	3,605153327	474,11
1,196574627	2,414046733	596,96
0,749463641	2,698010365	716,52
0,346937926	3,046933606	599,18
3,523915503	2,099330171	573,28
1,069740431	2,642283085	860,41
2,622509062	2,30241609	704,52
1,872502692	3,013606999	586,27
1,458636646	1,758192877	728,83
0,831489819	3,445702055	872,31
1,459556238	2,722335353	312,75
1,844345249	2,041279287	793,43
-1,553360138	2,978649459	948,6
1,284765652	2,673220368	491,01
1,836814673	2,050671055	910,57
2,672283005	2,264703015	418,66
0,992258898	2,547256716	483,39
0,207672922	2,901007736	571,69
1,755910691	2,001681246	397,14
-0,896452122	3,609559894	957,43
4,146603639	2,037912019	577,02
0,214273299	2,999516314	860,21
0,404697864	2,796262918	783,01
0,110328605	3,318249851	960,46
0,612276117	2,401736893	681,56
0,308630072	3,315593002	690,06
0,949075984	2,888191183	722,92
-0,469181046	2,984350672	455,41
0,291851068	2,622008894	914,29
1,863559335	2,092607484	853,38
1,364206625	1,917071597	473,35
1,656665068	2,881094462	901,1
-0,488213824	3,071977351	906,08
3,384158231	2,248937023	789,15
0,617100657	4,064997147	831,14
0,275005926	3,619469954	875,05
1,702450604	3,022298581	772,84
0,161181977	3,462923326	675,57
-2,470178539	2,763039534	329,17
0,675840438	2,794382166	471,95
0,283020829	2,738937964	390,98
1,940902502	2,93016683	451,87
3,133193273	2,816229782	424,57
-1,479260357	4,125445683	410,31
1,593868214	3,104083009	900,32
1,753172724	3,118778108	438,31
1,313080546	2,966555991	449,39
3,385982104	3,455805087	508,49
0,482080234	2,869348169	934,66
2,169451021	2,177138346	700,58
1,854914002	3,390656403	630,3
1,19899453	2,224949591	683,92
0,681527273	3,895718297	795,47
0,664196997	2,769589256	699,51
3,515636794	2,723886118	825,73
2,216385107	2,249571415	944,05
1,241108595	3,406076388	490,45
1,555572635	3,414464745	460,3
2,027637688	2,146207132	331,96
0,095921891	3,615825167	397,55
0,326230042	2,46861571	387,81
-0,35509879	3,08393766	838,66
0,947075852	3,269340208	887,85
0,845783273	2,836895866	704,4
1,565291412	3,012232591	744,44
0,10278461	3,906201752	929,12
0,310048873	3,073037448	439,79
1,422352615	2,141211664	545,74
1,236913993	2,561166064	361,51
0,145625354	3,195675395	438,88
-1,041542289	4,523313738	496,83
-0,268044822	2,994402724	773,25
-0,227870734	2,806003779	432,42
0,125849692	2,213014093	751,73
0,533532214	3,447208082	777,41
0,014230675	3,264289944	888,65
1,429194597	2,299475949	900,45
-0,0510952	3,324724486	796,08
2,508974175	3,696936424	453,08
0,828594948	2,952408795	373,47
1,288914191	2,60548674	578,52
1,722351295	2,117541276	906,76
1,233461905	2,782737327	824,47
-0,06005077	3,132886487	861,87
0,88534787	3,387878852	776,05
-1,233787256	3,766392945	675,77
0,59854791	2,796605619	981,45
1,306154824	3,215511354	508,13
3,536460145	2,891086556	721,22
-0,257023039	2,58805826	346,47
1,658978873	2,494874474	511,36
1,029450514	4,15226885	427,96
1,727198879	2,404695915	717,32
2,779736446	2,950997417	549,54
0,028813107	3,753827702	531,29
1,089664597	3,615642901	462,34
-0,56139349	4,117675826	436,78
0,9494833	1,680573613	761,16
0,775641554	3,752598434	932,07
0,289002435	3,005273983	338,03
1,572701934	2,651528839	338,38
0,670209252	2,796275669	407,08
1,911938056	2,419532355	609,79
-1,542874802	2,677986539	774,43
-1,362697514	3,385327889	675,96
1,394391462	3,092929827	662,52
-0,093247065	2,973703664	832,55
-0,850736791	3,976784198	610,79
0,909890315	3,017005551	349,13
0,888936468	2,975171029	443,1
-1,270822548	2,910340073	410,14
2,236884912	2,057830383	687,1
2,076054061	1,992710754	546,72
0,423368408	3,082120603	773,12
-0,068964679	3,027232908	769,31
-1,146761279	3,096501745	516,47
0,72986004	2,661686932	891,02
0,74310582	2,017283	665,84
2,154287436	2,610831509	577,16
0,274910746	2,970712734	803,12
0,963645569	3,150760285	562,88
-0,396740526	3,215885414	541,53
-0,416962573	2,665436797	671,81
2,824286507	2,17707586	762,73
0,157716442	3,962129021	427,9
1,341014523	2,629650026	816,14
0,169932377	2,900027404	366,81
1,6212323	2,904370571	567,97
0,410094127	2,479285746	545,12
0,038568662	3,013119265	446,88
2,359071503	2,829212935	988,6
3,037305071	2,695313301	664,77
0,85255931	2,607673802	875,36
1,705840601	2,740197811	532,05
0,933921563	3,675483101	316,93
0,925926101	3,498477849	492,06
2,635420092	2,979123455	540,08
1,658248409	3,195409197	988,84
0,76938794	3,378341419	733,28
1,32896682	3,364512704	398,62
1,468097307	3,603327235	305,49
1,091986386	3,212339014	669,94
2,230097262	1,976076296	517,68
1,934230884	3,619912507	455,04
1,863710139	3,379300656	358,25
-1,730661356	2,831672164	637,3
0,500976643	3,065002721	544,21
-0,520635418	2,875600257	821,42
1,097653757	3,577932788	779,2
-1,520282009	3,62246616	350,68
2,072995838	3,346889386	585,55
0,132120196	3,336470701	836,64
1,619598068	2,964403943	318,74
0,223097694	3,72120066	777,75
2,212669455	2,736655753	859,03
0,085683718	3,362284333	819,5
2,013742683	3,718699396	654,66
1,211307408	2,903741163	971,76
0,948083314	3,375583048	753,73
1,290246345	2,850382868	385,61
2,183518642	2,019223539	715,47
1,256257792	4,24555099	523,53
4,540698376	2,871887643	404,62
1,682356951	3,533032788	648,43
0,39491714	3,35889004	630,47
1,237715156	2,923435652	475,64
0,373094786	2,844571688	918,97
3,33574471	2,779030036	926,01
-0,480816058	3,302815081	821,95
1,246417479	3,292871911	970,75
2,153935496	2,909375438	372,58
0,414355032	3,873785868	502,31
0,414065338	1,75041675	706,38
1,251453781	3,01004104	325,06
3,032632931	2,965354381	776,8
1,464145843	3,498262756	303,1
3,259573776	2,273779183	391,32
2,194181416	2,297277167	585,5
1,755635451	3,435819533	606,55
-1,256540039	2,690944811	730,4
2,544264599	2,538685736	927,55
0,127149983	3,525684765	695,68
-0,243946961	3,610795563	937,84
0,984255872	2,990004887	886,79
1,356819455	3,624325005	734,28
-0,462622094	2,663279653	711,68
2,214886505	2,481216435	473,76
-0,502101645	2,643125821	458,71
0,882490587	3,80664322	721,77
0,054600848	2,600739413	768,27
0,238526471	2,689157483	328,55
1,727068606	3,862419678	458,14
1,093115784	4,468417593	676,75
0,381216667	3,502531941	950,41
1,440611734	3,208721579	832,07
0,481597	3,714968257	655,32
0,798286165	2,202331718	632,69
-0,42545314	4,105088983	897,32
0,773852575	2,192278728	876,29
1,659119078	3,412570483	441,47
2,087602261	3,426494227	478,78
1,356020518	3,66269343	324,43
0,97717669	3,954728763	554,16
1,123525471	2,120783269	306,24
2,110865333	3,067524063	870,2
1,452521128	2,287135725	405,43
1,294434636	2,977807098	500,13
0,735974098	2,578037702	672,68
2,324151512	2,567776248	875,26
-0,177773836	2,328128203	637,16
-1,896442602	2,752182081	512,99
-0,292155476	3,545454413	444,81
2,358619639	2,741086965	978,92
0,46026021	4,271428492	961,42
2,135504345	2,533962408	754,72
0,080627728	2,95493183	880,16
0,597756103	3,198125017	346,28
0,683069266	2,222366719	493,03
2,286976751	14,7851404	349,83
4,554032378	13,08915367	520,4
2,388783544	15,15041291	611,97
5,527085474	13,75870776	466,02
3,104723841	14,96598277	805,06
2,6077602	14,09565044	553,48
2,757519865	13,62406244	470,78
5,305483205	13,51024466	508,54
4,825428223	14,45966721	789,82
3,794074652	13,86979414	399,28
1,328001428	14,79064703	361,02
2,690384581	14,19595025	631,47
2,642335405	14,41819031	465,6
2,540808876	14,18908662	729,04
3,385817791	13,31460279	498,96
3,629535189	14,65931456	583,26
2,025999049	15,49750732	493,17
4,755610286	13,7718182	340,58
3,753735896	12,71471713	883,48
3,45229023	13,84362085	709,94
1,324007156	13,63878623	672,78
1,193515757	12,98059745	390,55
3,05359836	14,42754115	517,2
2,927887892	13,16565885	742,51
3,639220877	13,82191117	927,93
2,712991728	14,48304289	333,45
4,555962521	14,18672552	583,94
4,456502656	14,1066924	536,9
2,169743642	13,99153468	761,89
0,842476524	14,52584031	807,62
3,858074166	13,55821242	628,53
2,928347546	13,29967789	355,15
3,511235924	13,35664814	415,33
2,166108335	14,25849056	429,58
2,423024681	13,1652246	887,26
2,475630025	13,89331495	860,42
3,821056416	14,05565216	629,96
4,622101658	13,47639706	839,68
3,715820953	13,995332	814,38
4,6191977	15,25035638	386,85
3,701512091	13,90130619	436,48
2,571943239	14,70253726	885,78
1,825951529	13,79066379	707,94
1,987475647	13,08536829	687,74
3,09817046	13,53155143	316,6
2,591803198	13,42359557	460,36
2,237077307	14,9784432	370
2,090723848	13,13039387	478,17
5,994864463	12,6825675	769,75
3,01177119	13,64422864	533,86
3,446146906	14,78513992	536,68
4,123434439	13,68980196	704,37
2,339389167	14,17183697	564,62
6,324409346	14,15122619	363,62
1,447094669	13,67057494	799,59
5,614282181	12,98839383	850,4
3,122794201	13,40157647	586,82
3,337450768	13,61446853	855,65
1,460774472	14,4609597	812,82
0,594511336	14,50820352	778,71
3,452185615	14,1193734	788,87
3,04180608	14,78820091	346,32
1,877169372	14,80356403	386,96
5,119830942	13,26055277	941,8
0,896043229	13,99140995	680,86
2,916726733	13,92606424	305,27
2,408597451	14,59200742	756,74
2,558056912	13,88172562	846,76
5,373159386	13,69016366	544,47
3,135220968	14,63640285	537,52
3,288249674	13,94942875	639,67
1,58424954	14,4038541	614,54
2,169930815	13,35572846	552,67
3,261427391	13,75669019	498,03
-0,137038663	13,87624067	345,06
3,183522457	14,07001084	858,38
5,46331689	13,12430732	830,02
1,907688929	13,01367916	339,4
3,356446658	14,64568485	961,65
3,930437033	13,45783146	705,16
2,804335895	14,50492897	510,21
3,227494859	14,07382328	961,87
2,181699739	14,99721021	900,71
3,053246375	14,51219726	523,31
3,42940031	14,22125749	468,49
1,217559865	14,26775441	432,66
0,620545099	15,12804173	588,68
1,797088168	14,01080456	839,62
3,405419453	14,87020511	979,67
0,524032569	14,58128484	578,01
2,503918263	14,52967713	652,48
3,962824949	14,23791921	900,48
1,742748368	13,25011372	718,47
4,114741554	14,24115907	732,69
3,929137112	14,48354729	581,46
3,684411973	13,62950169	616,54
4,143279289	14,15049167	880,94
3,352928945	12,76298242	371,13
2,222436165	14,54479702	781,84
3,567477201	14,55872728	392,15
1,264466365	15,01936359	982,39
2,708592671	14,34491374	312,04
4,208284819	14,84605215	775,19
2,241261553	13,93413534	459,91
4,476240598	14,0488463	389,67
4,573783195	13,23014682	745,1
4,644717812	13,24014453	579,29
1,757503053	14,38678629	548,18
3,130354994	13,46586693	892,92
3,672312862	14,73295687	855,27
1,741198362	14,72220899	701,06
4,720706354	13,58080321	645,48
3,174054661	12,781178	991,12
3,759160481	13,35114192	431,18
1,40772267	14,76042164	554,92
2,207982224	13,77466528	813,63
1,153754731	15,2895354	381,59
4,573888994	14,00896776	364,65
2,415816099	15,59262465	324,65
3,881520692	14,02780772	681,66
2,602211741	13,43375533	905,03
3,024233426	14,19763203	969,5
3,645911958	13,99234141	319,33
1,879296469	13,95005989	394,65
3,39070704	13,91544425	542,88
3,178114665	14,48003492	936,82
4,673818985	13,72394599	717,15
3,643278428	14,58087397	505,99
3,260508502	13,62731297	876,71
2,168060796	13,90272574	899,85
5,066488396	12,06032276	410,13
2,149529459	14,59187037	681,07
3,866099999	15,16792817	687,5
3,175249514	14,11802631	352,42
3,155564298	13,24559244	909,81
2,931785794	12,94965408	515,97
2,846803637	14,85977053	587,22
3,453454258	12,38257155	619,04
1,696187333	15,29062967	349,57
1,608948142	13,01355833	376,26
3,387347429	14,35841552	635,57
1,565443836	14,72407173	934,1
2,261370182	13,33810329	701,28
2,340814593	12,83863723	928,49
2,904065519	14,72531275	645,28
3,320967198	13,46939553	881,94
1,989949438	13,99415494	758
4,210276876	14,3101618	672,18
1,224051074	13,89904809	466,57
6,447911242	14,52263358	503,01
2,261284138	14,10770636	890,31
3,985364398	14,05002669	445,72
5,567649389	13,05838826	902,56
5,188398314	13,59069456	584,14
2,386836689	14,43791077	756,89
1,67608732	14,44431765	695,15
3,121176159	13,3815831	754,23
1,116448135	14,46751148	339,4
5,050145985	14,55790919	891,28
5,042142318	14,23256447	594,98
1,453001624	13,3311832	474,69
4,499787476	13,39531982	560,58
3,602929079	14,0027986	926,37
4,344852562	14,70759431	308,64
4,586283644	13,46858435	748,49
3,605477928	14,00429809	604,32
2,487530889	13,99710213	932,52
2,736425662	13,82325768	424,62
-0,939704492	13,7108284	399,63
2,374725107	14,20906963	532,92
3,084997338	13,49880199	648,5
2,173472012	14,59324363	978,86
4,46479161	13,66522457	862,04
3,254212595	12,85135252	304,32
1,90267801	14,43854502	722,27
1,840967541	14,48245698	792,41
1,754761583	13,96672222	639,76
2,659262694	13,20618154	470
2,147469613	14,09774952	401,94
1,984572145	12,70913149	394,04
2,696012495	13,98850934	604,58
1,095900223	14,49798504	311,22
2,728334852	14,36342135	490,23
5,897759338	13,1052645	501,47
3,794212945	13,56633839	794,44
3,587139612	13,12912249	335
2,117133684	14,32451245	353,96
1,770704285	14,30962452	641,15
-0,157701428	14,43987352	336,76
1,327575184	14,34413839	953,25
4,391097926	13,50381303	587,95
3,240064511	13,97311969	331,65
3,055985768	14,15860096	859,98
3,055639256	13,64031621	788,22
3,635039002	13,32044009	694,46
2,163085903	13,88726323	959,55
1,851444644	13,9119748	963,67
2,780092134	14,5376269	719,16
1,591775117	13,77603198	634,84
-0,036700917	13,49815424	884,3
0,60338906	14,63246866	993,63
2,244623363	14,11374638	793,9
5,164298893	14,30209519	867,82
3,013469178	14,48130129	724,65
2,769100079	13,67579433	764,35
3,065248487	13,42246279	600,52
5,48336137	14,42056675	986,74
4,141342101	13,09575896	912,32
2,665948412	13,5869528	830,75
2,322924592	13,46205829	372,24
3,040269494	14,96714655	769,69
2,827571934	13,48381847	344,71
1,504960818	15,08813739	311,89
2,246742246	14,34414245	575,3
0,968704209	14,69015843	452,71
2,501847426	13,42466575	618,58
3,382280581	14,74472038	791,94
1,055709745	13,28010428	719,43
4,645123042	13,49080218	735,68
4,836282283	14,39827037	757,24
3,159160397	14,26850686	357,53
4,383091977	14,37661474	371,82
1,8684254	15,50060543	439,24
1,789393685	12,84674834	538,45
2,049625359	13,91775286	664,24
2,245624339	14,36217259	507,11
3,714475254	14,87172522	758,19
1,88628145	14,27338032	767,35
1,466971612	14,15389536	896,54
4,739993285	14,50766935	364,98
3,377531492	13,21066593	892,64
4,052755211	14,33030999	798,67
6,425364017	13,66953983	468,46
4,638091333	13,1205984	455,23
2,800276674	14,46630544	975,69
4,160380196	13,32722659	878,7
0,56195422	13,61724439	646
3,706389883	14,17450365	302,32
6,131280101	13,68105507	354,96
4,319300988	14,0817824	450,68
2,816302775	12,9357246	904,73
3,442602022	13,78710057	939,83
3,393923791	13,94028452	304,95
3,237597061	14,2985471	863,71
4,417213814	14,08897166	389,03
2,122262118	14,51416186	778,84
2,297833157	14,29245739	515,64
2,713461405	15,05932382	492,74
2,014700721	14,56855172	968,72
3,699706408	13,83877736	737,64
5,63053435	15,17095083	362,15
5,119578102	14,06701014	477,78
0,061706438	15,39641231	763,62
2,854947953	12,90873691	332,63
2,235086025	13,56276839	633,83
4,175374911	14,21882699	462,05
3,891279538	13,87262577	418,03
2,557250792	14,16838993	696,71
2,951542473	14,00386137	674,43
3,566474774	14,2746585	866,83
3,68730615	14,97927053	401,08
2,397812018	14,05340873	443,99
3,066911232	13,80069818	925,76
2,403551392	13,71762429	359,38
4,357926799	13,27518994	750,87
2,184701042	13,50511494	962,77
2,94379944	14,75342329	942,35
3,335523018	14,00080957	684,58
4,481363957	14,22507132	600,55
1,29873919	14,11116953	367,92
4,602878946	13,44237353	894,4
2,618841561	14,4202985	428,08
2,657367775	14,25990522	525,23
2,657568943	13,2441962	415,55
3,520944194	14,63009822	706,12
1,451415686	14,47607921	514,45
3,779853971	13,14364405	583,15
0,196458729	14,05054967	668,88
0,790645251	14,05346003	592,87
2,743908074	13,8355946	493,82
3,360820355	14,13375289	783,94
1,974941862	14,38540777	366,03
4,743005932	13,97881826	788,61
3,544583155	13,8543189	310,73
3,532083638	12,89059548	401,82
4,845621661	13,39913967	980,72
4,406511564	14,54616217	943,19
3,097571178	12,83111512	773,01
2,159158872	14,24740227	793,42
1,481304291	14,22735275	803,73
2,21313122	13,33028771	433,32
2,364995534	14,50802035	432,48
3,52484557	14,23193205	943,21
4,005232808	14,09992116	448,4
2,060153265	14,50336015	584,88
1,167983406	14,20743596	914,48
3,683900158	13,663251	740,19
3,248271069	14,48751782	955,17
4,497553453	14,02055273	721,16
6,300063471	13,96234045	938,49
5,176018836	14,51494492	934,3
3,409787166	14,54952612	393,94
2,71823266	14,78006282	316,27
1,93861098	13,76036598	452,56
1,905728725	13,04335507	900,87
4,119728859	14,06466051	848,68
2,780545714	14,04875127	744,13
4,064000744	12,81377031	963,31
1,668332597	13,96990367	665,25
1,669500848	13,26213832	492,33
2,982353663	12,56601042	821,79
4,322200581	14,8713979	645,77
2,653667679	13,83552647	513,4
4,371708458	14,0597496	601,14
3,598343877	13,75374298	433,47
2,912848171	14,03355741	803,27
3,208630274	13,50408196	682,56
2,471648292	14,37475295	433,3
2,454059439	13,56166388	355,51
1,738228263	15,16047029	993,8
3,440999399	14,22811414	696,63
4,473793815	14,38281351	922,9
5,113523305	13,88747454	842,69
1,360088127	13,85939795	814,33
1,971296786	13,83725378	716,67
2,956715813	13,30183722	890,91
3,833879071	12,7322441	744,71
2,649333464	13,50973829	573,45
1,872056574	13,84973869	507,79
2,912854678	13,60297225	605,26
0,057865743	14,58012988	721,84
2,782954464	14,21541827	642,31
3,096742714	14,24686914	729,2
2,043287888	14,59279672	536,73
2,698313039	13,62664874	966,21
3,649000678	13,58163428	632,26
2,382138283	14,84524597	910,88
4,660596907	14,27655939	969,13
1,868983528	14,44099335	582,83
3,350637561	14,61499566	308,96
3,816784417	14,27133175	661,01
1,6357595	14,55075294	406,24
2,040625604	13,4941381	535,21
3,439804045	13,84673166	912,53
3,302148984	14,90065261	728,37
4,757857662	13,37621812	863,59
1,552321739	14,12559229	774,91
2,688664579	13,92141105	610,62
3,649076664	13,83416395	312,14
2,692667548	13,66753066	385,27
1,73115986	13,62426497	708,37
2,962119749	13,97555833	303,56
3,362003187	13,96108039	624,74
0,849966725	15,05114706	323,72
-0,122889035	14,80508065	688,62
3,286519051	13,10136003	458,26
3,908818763	14,05832791	316,65
5,974515052	13,37909041	467,6
2,331186532	14,24605715	448,53
4,66835835	12,89748278	418,34
4,6798726	14,17407326	529,51
2,359944314	14,01386287	754,77
3,757844701	14,4779993	891,95
5,419092583	12,95385124	900,38
1,835348311	15,01619448	681,83
1,35049368	13,63057581	431,83
2,941525601	13,57800294	947,83
4,083932075	13,84312595	861,89
1,962904102	13,60559904	337,64
3,335640571	14,61244905	636,57
0,638095866	13,20627265	620,75
1,613306406	13,5059135	442,56
2,858398384	13,99405191	462,58
2,25982683	13,8323754	517,95
1,402975216	12,88045998	329,5
4,117083865	14,37465927	709,08
3,344724569	13,790477	906,16
4,484585357	13,56401803	345,84
2,033263273	13,5573638	530,91
1,838729084	14,87509277	393,59
3,65982112	13,62434757	310,19
2,73167767	13,78541089	966,22
2,070123639	13,99899874	619,4
2,938080852	14,38139896	370,46
4,646263646	12,39718971	481,36
2,485323689	14,0403545	747,09
2,172080612	13,83810485	956,22
3,439268897	14,17179962	958,05
3,585428885	12,964791	990,67
0,985129189	14,64223785	387,03
3,536768156	14,28695871	549,44
3,558806148	13,95102557	487,19
4,083421671	13,70641739	528,05
2,881184158	14,25127914	462,86
4,878096858	13,1983153	923,86
3,302283759	15,10217337	935,62
3,972840431	13,77294033	970,64
4,59143012	14,20865445	616,33
3,39878964	13,62408528	900,55
1,473446265	13,82826677	950,7
3,831104464	13,8588536	458,24
3,745859098	14,41107641	408,43
3,572756183	12,71932542	721,18
1,026179182	14,47019426	721,3
0,970857946	13,17620297	645,57
2,627385626	13,50282852	496,27
3,214339814	14,25855324	737,34
0,638924788	14,28354649	779,43
3,727391014	13,86100278	756,87
2,076683681	14,28918071	408,14
4,084431315	13,7777466	969,01
3,090250246	13,67213474	639,19
1,921138233	15,55430177	969,41
1,158216723	14,97888856	824,49
2,927425994	13,90925542	993,66
1,379494421	15,02806266	339,67
4,394029696	13,33245715	588,04
3,991981004	14,20726833	904,84
3,930444096	12,74805576	334,8
3,823001303	14,24225189	846,81
5,411362392	13,55360393	918,93
2,718770986	14,30891776	531,7
2,36086107	14,14464433	829,87
5,625696206	14,20114928	946,84
4,906260485	14,34158434	308,89
2,261711688	13,79200329	316,89
4,28301108	13,62966255	890
2,844763837	15,0224086	441,91
2,712659699	14,55319829	706,19
1,692604577	13,9881494	820,09
2,922614557	13,15735281	746,66
4,557714846	13,8324479	622,47
3,337878224	14,68536656	799,35
2,215187784	13,6171733	430,82
3,280384182	12,8897142	367,04
1,863440155	14,33915521	719,29
1,525449072	13,63570848	855,07
2,936207847	13,35726179	665,8
1,521592493	14,71549373	832,2
4,525213494	13,36000427	552,63
2,670569124	13,7048016	856,84
1,028812617	14,6802724	886,94
2,243728418	14,16370411	653,37
2,329697193	15,27635016	334,79
4,928991572	14,06476857	481,25
3,752314948	13,99963555	936,74
2,760084151	14,03510352	535,94
2,857566344	14,01223044	375,78
3,692523068	13,71181251	654,8
3,705930719	13,9968119	541,69
2,654908493	14,6479475	306,5
2,219670514	14,42020784	835,62
4,721987289	14,04905553	592,28
1,213077471	14,27928113	447,85
4,513895839	13,54867445	682,88
2,139955123	14,50226416	836,47
2,816239356	13,34539981	412,73
2,981841247	14,75484375	365,63
3,108015525	14,52227472	565,92
1,767170534	14,4756074	677,4
1,61492064	14,83726457	394,52
3,748832288	12,75846706	810,53
3,746762373	13,37372108	926,94
1,688481201	12,35144724	389,65
1,769842669	13,64299174	608,61
3,583554753	13,75116573	505,61
1,507557825	14,09803757	978,4
5,083288132	13,03646577	448,58
3,111703394	13,18224624	682,08
4,120437105	13,34363853	676,92
2,753784363	14,07825226	599,08
2,041151405	13,56978312	579,89
2,936105791	14,31200506	726,29
1,715397881	14,29289483	771,6
4,880022264	14,50017157	984,96
4,140506109	13,29148592	780,09
2,741877044	14,19032962	576,9
2,381215712	15,30119322	376,88
3,645326824	14,17876106	410,82
2,610575362	14,5083735	926,96
3,823011314	14,86413381	796,43
2,440614869	13,36035262	736
1,871605946	13,10212328	914,61
3,773659117	14,47968757	573,18
1,452949215	14,92816386	893,46
2,739191338	13,46594379	532,83
0,977552282	14,36856008	424,57
3,166828909	14,50202813	327,28
2,918137018	14,17570616	882,89
4,186752386	14,13163222	901,56
3,177991817	13,92635502	622,78
4,243280384	13,3640529	926,93
3,35868725	14,22895922	999,17
2,292991497	14,23710346	856,86
3,678293729	14,3991514	783,2
3,474217464	13,84699856	583,15
5,262040552	13,87221033	903,03
2,460693716	13,92741939	547,68
1,489047802	13,81437159	801,63
3,53261215	13,49439732	566,2
3,866731818	14,31460808	992,77
2,951991452	13,69990167	509,81
3,410001135	13,99311635	555,46
2,418791422	14,28485589	924,11
3,091532305	13,91534128	373,61
2,656734631	14,07039936	974,9
2,885571917	13,8438176	581,89
2,223673938	14,34930894	501,14
2,792945297	13,91688424	695,64
3,648921648	13,99054423	801,63
1,587772849	13,18634263	348,34
5,165036182	12,51540208	883,66
5,389018939	14,18517823	999,94
3,574133631	13,45928032	647,37
4,260151597	13,23673288	804,68
1,746144854	13,46508278	310,81
2,401312906	14,35423165	948,11
5,630018432	13,59529492	592,99
4,329860061	13,96039088	706,15
2,134651168	14,73652915	633,3
3,046749294	13,0822816	651,01
2,898816697	14,28408476	346,1
3,309066001	13,34247759	833,41
3,764716715	13,80388386	940,11
1,363506608	13,16282429	718,57
2,364044337	13,61805973	440,94
3,131306581	13,74804544	416,42
4,780388552	13,93056877	840,11
4,380827465	14,23294731	671,98
3,604634198	13,04798907	434,64
3,122132394	13,37158276	333,4
3,338183679	14,5570459	401,87
3,102435573	14,33799721	879,98
3,667271804	13,56461732	837,04
2,632257885	14,08995675	376,38
-0,511718247	14,13850456	873,06
1,321063126	14,20273512	721,99
2,567468922	13,44170122	429,65
2,454747625	14,3144296	410,02
4,45597939	13,30066212	835,77
1,545287499	14,0553675	752,29
2,804750154	13,23195227	376,08
1,135526011	13,58926303	496,24
3,063241069	14,62730191	984,92
3,433697168	13,86478351	313,29
2,131848346	14,05242757	668,6
3,711933947	12,85239493	912,71
1,655580488	15,19538974	723,67
5,225134905	14,81120061	509,19
2,415263648	14,29941485	844,68
4,178052574	15,02137231	425,77
1,322159187	14,40259643	946,2
0,78567902	13,11729178	536,25
3,436692965	14,5498824	644,29
2,740269839	13,56476769	870,35
1,548320601	14,15462418	529,9
4,212472182	13,68060167	668,04
4,409124799	13,53274922	777,76
3,092613263	12,48215055	823,67
3,768033251	13,72106094	624,28
3,091248019	13,92831707	431,02
2,933574712	14,68476568	710,69
2,351915129	14,84326975	677,6
4,092291861	13,17745346	691,15
1,498962902	14,26378385	515,69
2,712190865	14,46124116	433,01
3,526607932	14,11547646	390,27
2,071575819	13,79048539	828,95
3,906093109	13,77096919	479,84
1,468507941	14,63737147	691,86
4,030196315	13,63377412	335,15
2,327137783	14,0549812	444,37
3,258433738	14,62309667	942,31
2,576289026	14,00915821	959,9
3,828888861	13,39589719	581,8
1,927027766	14,00613783	572,27
2,356668591	12,98115106	866,14
0,919882782	14,50999311	944,22
-0,021256695	13,80075541	752,92
4,03865218	12,82096796	820,12
3,995281133	13,18596443	981,03
2,274318036	13,63486449	506,01
3,902640684	12,93227874	311,86
1,928345502	14,7618912	998,64
2,028550115	13,61172367	453,91
3,296955948	14,17514778	616,38
4,890792036	14,0312107	342,34
5,021076925	13,8823117	568,21
3,124759014	13,49844124	404,91
2,348511524	13,69149344	523,5
4,675372994	13,1637923	918,12
5,100947379	13,01776016	439,79
4,204117102	13,83094728	679,4
1,989317323	13,48036791	710,25
3,676685345	14,39790372	625,4
5,537730662	14,1169306	804,75
4,563747579	12,89251535	736,33
3,819654574	12,97261132	431,29
0,593279617	14,72961583	553,84
2,133829011	13,32163065	891,19
2,191156088	14,27967595	919,3
4,498197128	13,3480535	924,18
3,608742765	13,55040044	843,81
3,871097704	14,79425275	730,52
2,308239894	14,27506581	559,87
2,541483511	13,88205351	696,31
2,692965618	13,16770885	912,72
2,302675889	15,55651371	656,55
5,168518531	14,24832751	703,76
2,32692665	13,80216872	655,52
5,543379619	13,58427017	858,86
3,472529241	13,9109599	742,06
3,327186499	13,39413797	419,73
3,600630853	15,48137288	512,36
2,961801779	14,42219163	332,53
3,20214547	12,68963226	405,99
3,780946424	13,5622776	804,54
3,110202141	13,84881144	408,92
3,489850476	14,60842877	585,16
1,73190826	14,10925971	446,6
4,123243589	13,47068584	753,8
3,394581656	14,16252782	502,76
3,829935405	14,82985893	451,54
1,468823885	13,95177494	831,8
3,443138231	14,49075555	961,22
3,442827704	13,39223577	310,1
3,796568653	14,38674528	659,59
3,162838865	14,29099992	692,2
5,898424466	14,26593359	915,64
2,146887679	14,36757129	457,21
1,812089998	14,15358372	696,13
2,739658395	14,49771624	366,3
1,570044698	14,14409415	897,68
3,964193115	14,44610027	727,01
3,827488232	13,85777116	556,92
4,968676594	13,97023311	863,8
2,118195081	14,0758565	953,17
0,086213775	14,12666951	305,4
3,875464048	13,82602349	807,72
2,918658765	13,91879226	650,57
4,36733323	14,21929831	823,77
3,971875883	14,1532133	609,86
4,091469476	14,43032124	383,64
2,835523597	12,98049901	336,24
3,53945795	14,65023605	491,23
2,402201843	14,07973608	502,62
4,941435666	13,56250415	633,27
4,311687908	12,89743578	883,76
2,809379518	14,44419666	425,84
0,971812916	15,28766694	344,17
5,327703141	15,01798976	868,11
2,238166696	13,17089682	482,16
2,490605223	14,1205988	955,87
4,253248662	13,51412876	598,24
2,447985276	13,76542731	907,33
3,238046542	13,4110271	646,83
3,146209574	13,37144389	892,02
4,430481013	14,15087187	900,7
3,902978645	12,885904	865,3
3,197677006	13,94429433	498,83
2,455029664	14,14726139	830,35
0,820943455	14,62140502	840,08
2,017938177	15,13165257	699,63
3,785473872	13,1815853	428,7
4,244605472	13,39876841	982,61
1,280747999	13,93379393	360,56
2,621946708	14,65542623	814,43
4,357193157	13,43403938	624,52
3,785659201	13,16791603	714,37
1,063381942	13,94381952	491,89
4,340161963	13,73351351	737,34
6,122757081	12,89531419	569,32
3,097736858	13,79861804	342,05
3,390391132	14,67872508	457,95
0,976779128	14,5708189	452,78
2,035247427	15,42157156	900,63
2,764211668	14,41614983	646,76
3,416785802	13,55952637	360,99
2,190864688	13,75005852	442,94
1,665172839	14,09673815	833,56
0,345865117	14,47524995	693,17
2,031461492	13,913552	399,67
4,244196388	13,79205109	907,34
4,218343534	14,29920558	862,49
3,282617998	14,81580573	486,77
2,581514413	14,42721478	815,09
2,931751163	14,06000446	613,08
4,930587301	13,43924193	535,28
2,717969786	13,90448318	962,31
1,884776552	14,46365119	565,3
1,870240871	13,6094877	586,77
2,436138192	13,53326107	603,63
0,286453166	13,53598487	982,13
3,584257218	13,95927783	908,7
2,869601654	13,54370738	520,27
3,122401467	12,86842645	349,31
1,822593716	13,65105141	855,58
3,444845301	14,04813835	325,93
2,695017155	14,37390965	906,17
4,43077652	14,32508615	463,76
2,90106808	14,60453591	789,64
2,212822716	13,68522138	499,42
2,09939868	12,86457199	455,09
4,00783323	13,84770734	743,22
4,044685568	12,76100899	654,69
3,045937536	14,59458802	411,79
3,276828561	13,99279227	651,29
4,415614906	14,75895741	753,8
6,562182545	13,01933603	968,32
0,475311062	13,6887326	961,06
3,198902363	14,53449446	687,64
1,730966307	14,96270756	685,09
5,105758229	12,91245009	571,91
4,839582216	13,09331878	939,99
1,486019556	14,13892861	794,79
2,516092187	14,87920117	988,12
4,040034776	13,93024276	514,81
3,235110294	13,90156564	717,04
3,514317058	13,5315612	778,93
1,579224697	14,73022284	987,38
4,628295694	13,91665636	436,04
1,985147632	13,77689736	584,93
3,306037478	14,88491969	326,04
2,544668229	12,82927706	516,14
2,709192656	14,09392991	358,83
3,229817561	14,26319556	821,4
1,270151637	14,14221353	776,01
1,981348257	14,00503448	655,87
2,972993799	14,16929602	864,48
2,148991001	13,8568005	549,02
3,802536298	13,6350358	433,47
2,284193071	13,64809579	748,33
1,978039535	14,59614241	554,22
2,938445925	14,30428994	402,16
3,704629972	13,62030832	991,17
1,012109733	14,33343382	941,57
2,771222013	13,57513002	861,11
2,017125419	13,19146977	666,37
2,902029608	12,77143575	336,76
3,093980517	14,59416947	540,7
3,507923646	14,08789411	326,81
4,3881479	14,78313215	897,89
4,97066847	14,35426863	544,09
4,167846921	13,83446565	397,14
4,142457929	13,50861955	415,13
4,484091124	14,10500742	480,08
2,867193291	14,35911963	591,37
2,34636568	14,64044971	505,45
1,28466593	14,58537028	793,37
2,340378696	13,32814582	667,37
2,949021718	14,7302465	990,22
4,188453873	14,36715921	947,99
3,070473009	14,05046649	491,29
2,991039	13,31427749	972,68
3,222869474	14,53173909	770,07
2,515213308	14,03982277	502,84
4,512365359	13,63562778	622,87
1,803908421	13,8466304	320,96
0,181603185	15,18350979	938,75
3,597010827	14,31075645	881,51
3,643782067	13,89037476	649,81
3,283470608	14,08611081	727,58
2,833090379	13,53483018	588,09
2,523498479	13,89147161	586,38
3,525439985	13,96780916	842,48
2,668502549	13,46595957	979,64
2,715811954	13,63820508	887,84
3,394916029	13,15230975	805,7
2,703325869	14,52442488	537,73
3,271577021	13,10056824	453,56
3,220653616	13,67842261	816,94
3,804220507	14,25872789	439,16
2,989542569	14,05182033	563,73
3,639648015	14,42598017	830,93
5,075103388	13,41745639	833,69
3,511080749	14,22290775	738,55
2,762027908	14,31779307	565,14
3,690570302	14,14501679	683,19
3,824802035	14,00815024	581,91
4,048898665	13,85491204	429,27
4,674222025	13,9724265	513,57
2,930947925	12,76345	466,66
2,840121798	13,03656734	621,19
3,238172459	14,09684617	440,2
3,87643962	13,44882579	407,26
2,217327831	13,18107894	824,16
3,230247104	13,96781984	308,55
3,808266987	13,51371238	967,37
4,59134312	13,37464196	402,01
0,997814484	14,94696235	516,49
5,840639609	13,74082371	780,55
4,085316968	13,20041531	859,82
1,93982352	13,17565982	944,94
4,981134274	14,42263353	310,93
-0,216060432	14,57696131	566,93
1,930079139	14,27231673	397,94
2,095725592	14,63380328	617,14
4,230983647	13,76746771	750,45
1,543804823	14,64479883	349,63
3,063624045	13,37318341	449,47
2,608489598	14,31096185	556,94
3,014295366	13,69443921	663,75
2,929052863	13,71732112	351,25
2,89904709	14,13425634	604,88
3,908197852	13,82468387	971,5
4,952263884	14,04076922	788,07
2,967384152	14,35270518	801,64
4,264195237	13,24678854	734,54
3,811540665	13,1788171	317,95
3,63865976	13,44600647	552,31
2,393640108	14,18917825	427,84
3,922627531	14,31740354	300,35
4,817046026	14,25779517	454,34
4,847787165	13,25077945	547,6
4,306862552	12,43356179	991,34
3,746400947	14,49877526	628,49
3,305014216	13,7729031	829,01
3,442111529	13,66607146	433,96
3,911452187	15,07190769	460,59
0,589045355	14,36486885	681,83
2,173979417	15,20818476	473,11
3,003101013	13,89392421	599,09
3,846449117	14,05208162	541,29
3,713663464	13,30386483	780,37
2,199916851	14,23919764	880,3
3,868674553	13,37293191	768,63
2,606292427	14,59549188	859,58
2,034505354	13,68640169	454,45
-0,224486016	14,43547925	751,44
2,020718668	13,25342746	695,14
1,159500628	15,37248502	457,29
4,600493761	13,69920543	903,09
3,101989977	12,99467025	362,78
2,821366938	14,592035	319,88
5,227869544	13,67837406	422,98
3,038341381	13,88546957	455,31
3,892583155	15,3059855	388,62
2,069010118	14,85120198	905,06
3,637086382	14,43485828	368,63
6,238947851	13,06543607	558,14
2,384588085	14,94656439	446,45
3,723360938	13,59373048	546,79
2,292033621	13,29465002	337,04
2,018690012	13,56147553	894,72
2,131706866	14,93702021	488,69
0,670887211	14,13793278	592,69
3,759895407	12,65394963	513,88
1,59808678	13,7585986	663,61
3,550508578	13,48437443	679,81
2,73015982	13,81752313	917,08
4,842104938	12,78567612	886,27
4,740557684	14,17360599	516,14
2,525074302	14,46865358	309,75
3,683083796	13,70434457	357,03
3,390579067	13,95854882	686,68
4,62243437	12,48097341	937,77
3,575439754	14,16257498	634,32
3,028425857	14,65055834	768,33
2,475445237	14,74807717	412,71
2,872008196	14,22625379	642,32
5,729661034	15,28969708	692,33
2,282065947	15,31709339	405,54
1,78674411	13,54056484	540,71
2,179666744	13,38597878	675,68
3,321149532	14,50870428	653,36
1,968710159	13,28329504	556,24
2,746481704	14,27924815	814,14
1,277064135	13,78113761	769,37
3,180320106	12,67262416	356,09
1,655452323	14,45545684	731,17
3,864741225	13,77506721	735,98
4,716657553	13,18649311	693,28
3,803616444	13,83611673	738,2
2,498671683	12,85164958	458,88
1,863653055	13,3199221	861,28
2,206096434	14,06180241	648,23
0,124494788	14,37102373	606,65
4,030447818	12,28025887	382,23
1,685293322	14,0703384	917,7
4,664387031	13,69970453	423,17
1,882126086	12,89515696	527,41
5,057263678	13,55171188	329,83
2,689881583	14,02387703	820,37
4,386183044	13,93025877	926,88
1,723846405	15,65008542	632,55
3,009281392	13,65904736	916,5
1,67436535	15,41765125	613,28
2,935608683	14,23796012	633,75
1,676155151	14,27120861	689,34
3,605319201	14,23294629	747,72
2,945064516	13,73626847	563,54
3,856579623	14,6550024	895,68
2,927362938	13,45481468	948,38
3,410998828	15,49195992	859,58
4,211499579	14,8770547	589,26
4,270722798	13,83830138	474,73
3,628034191	14,15285003	815,31
2,618947313	14,04784737	327,39
4,083533368	13,15725299	781,45
3,957799634	13,9224479	879,48
1,109655564	13,91971857	785,79
2,418744077	14,42761184	451,69
4,48508283	13,92984398	703,78
4,028142708	14,46644277	747,34
4,631769419	14,38056696	373,09
0,463835233	14,41960254	460,44
3,352489316	14,58977917	527,36
3,675534379	13,95970135	952,54
3,216367782	13,66406283	890,41
2,693718294	14,51285264	782,36
0,59361585	14,10078392	348,52
3,864510202	12,40515551	945,93
3,204127044	14,35842598	349,89
2,247833623	13,60831647	890,72
2,643562913	13,63449539	319,5
3,322791397	13,96597606	618,13
2,856467562	14,10638925	506,56
2,535936631	13,85227506	408,47
1,722159127	14,56255675	555,59
3,18650697	14,4732098	869,13
3,418613952	13,63889625	412,09
4,144303005	13,25650739	995,56
1,650365502	13,41628569	724,96
3,505928756	14,76257129	838,9
3,980723257	14,17129261	794,22
4,092139959	13,38400594	804,79
3,437646945	13,98562207	476,2
3,840651658	14,36447287	401,07
3,856809556	13,95665544	542,13
2,280049476	14,42995717	592,17
3,751160567	13,66808195	360,58
4,707888165	13,21175875	865,33
3,315071603	13,51948161	313,53
5,37488894	13,61830911	924,78
1,462819241	13,58981643	560,28
3,23751695	13,79281139	920,98
0,145432578	15,34265049	567,06
3,907388881	13,62246543	699,73
2,767427228	12,89610693	433,37
2,625198782	13,57059961	897,9
3,563768507	13,41957955	863,82
1,271261054	13,43801042	592,06
3,45436462	14,30597959	345,72
2,472450319	14,17314735	769
3,487959129	15,11671905	689,02
1,820933979	14,45964003	333,06
1,268859302	13,9381886	377,65
2,95756445	14,47802412	342,25
1,533850998	14,04188212	590,98
3,576809674	13,41054183	764,3
1,663388212	14,42732029	500,49
1,474455125	14,40322231	970,08
3,852676011	14,37784259	826,18
2,275124112	12,85219453	373,5
1,575250115	14,05355992	942,07
4,00097642	13,97932522	896,28
1,70005516	11,98066277	377,9
2,236327802	14,62297717	785,98
2,23599433	13,80594648	713,11
4,251590977	12,97902933	706,23
3,609211767	13,02620792	831,23
2,761829033	14,16899709	697,57
2,89185863	13,63652653	657,49
4,39229112	14,46415725	511,91
3,766077458	13,19661457	781,59
3,541868924	14,04538379	564,16
3,136638451	14,23868624	453,79
2,016275796	13,94427195	451,72
1,733687695	15,79121255	832,38
1,574803679	13,80965955	663,84
2,055506395	13,56631189	455,52
2,667928006	11,84578761	456,75
4,482506539	14,06822388	553,57
2,420341956	13,61465427	380,9
3,756070766	14,96125486	713,9
2,881628552	15,18728466	720,07
5,68345998	13,88423254	679,72
3,84896401	13,11409539	847,86
2,902140097	14,9373525	699,78
2,621120378	13,34122754	431,53
2,750176177	11,82226375	825,64
4,536740437	14,12526899	796,79
4,460980415	14,6522496	331,08
0,84919934	14,9248292	322,42
4,232514574	12,88762363	385,43
2,017654818	13,64855956	973,69
4,335554861	14,03228742	674,85
0,952514138	13,77574276	685,39
3,37703438	13,92734778	408,17
4,500615186	14,37778914	332,8
4,419865865	13,99809214	803,37
1,742081856	13,28471394	816,62
3,764623002	13,52150872	437,71
2,798943988	14,30416168	399,49
1,662860108	14,43303906	804,74
4,424696662	14,00892278	348,37
1,932253462	14,54089704	975,22
3,784380862	13,93752556	376,3
3,039865821	13,67135149	354,91
3,155589315	14,3040128	702,76
4,866662508	13,54963117	915,85
2,034847086	13,63088313	710,89
3,200222337	13,21814918	856,76
2,061096982	14,49262227	674,83
0,628990149	14,98032496	563,12
0,717052018	14,32520106	995,17
4,7035046	13,4817008	347,02
2,555171928	13,85934075	330,71
2,437294501	13,45955512	566,12
0,245223794	14,66544522	949,4
4,6134431	13,43023016	702,42
1,635799811	14,75922553	685,53
1,779731168	14,01086143	604,31
3,193862932	14,63000035	402,56
4,512824441	15,54618814	821,11
2,666041413	13,56301668	323,91
1,7777677	14,56129127	794,31
0,651138625	13,87200353	378,08
3,985252457	14,0105999	872,45
1,500808534	14,20384066	581,02
4,528773421	12,76972688	768,17
3,406146993	15,2324836	690,85
4,419096929	12,5771706	695,22
1,372240048	14,38586338	417,12
2,263064578	14,58192778	782,01
0,713120867	14,37888742	737,66
4,643912945	12,37333665	772,19
-0,080262398	14,62996226	751,92
-1,184621402	13,95744597	336,15
5,423187903	14,38197322	854,7
2,464862409	14,25721549	388,78
3,451254387	13,23477688	741,84
3,437144448	13,72761812	349,98
3,275363267	13,26627992	848,51
2,966709851	15,32152627	737,8
3,361795476	14,04217473	690,97
1,810848028	14,53735303	738,74
1,872480143	14,63079379	587,45
0,807382911	13,83556986	869,1
0,842533162	13,8470319	482,22
3,280216442	13,53705618	512,92
2,987998037	13,60285402	984,63
1,706642444	13,4427415	833,93
4,621837065	13,14310179	990,75
2,965246265	14,24194613	991,48
1,701041629	14,43834201	572,39
3,451595018	14,2566727	314,81
3,639802633	15,10010368	782,39
4,184767061	13,81869278	491,28
0,481162228	14,09761327	595,64
5,054904614	13,81552965	957,86
1,88148804	14,90879766	937,52
1,31772755	14,57283456	381,93
0,81571495	14,67148223	445,96
3,929008674	14,69495524	971,67
1,025160944	14,02111474	603,72
3,197349342	13,80042656	329,27
1,784021181	14,24745741	466,7
3,898250911	13,26072454	582,74
2,267205363	13,25501731	642,17
1,995779639	14,68372473	777,65
2,025271797	15,33897886	421,83
2,976322641	13,58729468	647,44
2,660419487	14,55560826	854,54
5,149086814	13,92221354	467,49
4,180408828	13,28230444	880,58
3,017648388	13,34181176	759,55
-1,020000366	15,03723948	551,04
1,192304707	14,04796293	632,02
2,382435757	14,10198752	503,22
2,454979875	14,05552854	720,69
2,108810738	14,26881888	745,98
3,576536818	14,08885782	930,66
4,962070168	13,61551863	481,3
1,728043955	13,70391228	506,83
1,509571924	14,97706069	638,41
1,937786879	14,08749037	801,71
4,235478161	13,0210493	373,5
4,15433441	14,24830558	624,54
5,373007491	14,55030829	516,89
3,580780212	13,96588361	502,56
3,316669453	13,64398573	827,48
3,589590861	14,0085222	967,88
1,252482908	13,55238367	887,84
4,138705435	13,60043221	560,36
0,964378624	13,98576697	364,37
4,831641083	14,31048616	799,97
3,395518531	13,99524757	474,39
0,102082942	14,56542499	634,66
2,282683674	14,59512698	563,19
3,59691849	12,81449572	827,15
3,686732458	14,83525596	507,34
4,301599761	13,00157167	983,49
4,065124067	13,38910753	771,75
4,684537093	13,91463283	546,03
3,878516283	13,97479636	698,78
1,192330771	14,17392276	830,84
2,319535998	14,07771642	410,1
3,240968787	14,39151477	328,4
4,8073503	14,22620383	879,04
2,211897323	13,93470733	423,3
3,122563108	14,40286511	771,02
4,450767874	14,3249666	950,94
4,76990225	13,75384202	623,91
2,376756527	13,09172495	511,29
1,263072074	15,08612986	512,42
3,200105685	13,66412438	833,06
0,706146407	14,77826631	927,12
4,295365621	13,15701298	883,56
2,675704335	12,3447857	311,76
2,529634218	14,54927545	652,27
3,001114645	15,22441435	988,77
1,365730339	15,21069898	801,34
2,840433085	14,59477421	491,98
2,893756188	12,81522431	959,59
4,067009058	14,71381351	487,93
1,087291641	13,94975932	302,19
2,356605157	13,05812076	485,81
4,24416405	13,99020175	552,15
0,189607494	13,79268703	369,46
1,492482553	13,78250355	584,67
2,803242154	12,87432304	922,64
1,664955718	14,43862586	941,71
2,238487081	15,03007601	618,93
4,914149715	13,48836731	988,35
2,743785989	13,52157669	460,33
2,074953401	13,91574362	401,57
1,598612321	13,7024398	522,22
1,9054823	13,64489159	899,69
4,538656021	14,1313816	427,6
2,973691701	14,45146547	495,47
1,977747861	14,81477413	563,54
1,225326079	13,57493447	530,43
3,258940928	15,32902455	311,39
2,320565505	14,69620981	881,18
2,117652824	13,448008	428,77
3,584815652	14,04226559	752,89
3,39328225	13,99144294	846,96
4,339522374	14,18620904	645,28
4,952013833	13,84173059	458,85
4,335298225	14,5626449	725,66
3,99511143	13,34250202	414,88
2,232081343	15,29198063	456,5
2,833565608	13,45329453	820,6
1,167473967	14,2513115	777,49
4,36912763	13,79828554	599,28
2,413328349	14,46790993	765,71
3,142688413	14,70244431	802
0,55931509	13,42294242	866,69
3,925273005	13,8059673	867,09
2,334240939	13,42341561	394,98
4,44155877	13,59511391	531,9
1,730406834	14,17939314	311,48
3,020705268	13,46291055	668,14
1,778426263	14,01042023	441,5
4,129404845	14,8331276	417,01
5,188582884	14,70505353	832,79
2,176385393	14,41681356	513,69
1,735177053	14,56197963	728,94
2,554250431	14,38871186	414,72
2,315193018	14,26026622	687,11
3,767459731	14,15476756	846,26
4,122646873	13,86097461	373,74
2,155378034	14,33399117	474,29
2,330740744	13,9323212	886,9
0,669297515	14,50893302	707,85
0,7142327	14,57946232	719,11
5,450185499	14,3023452	565,65
3,756471	14,62885272	443,32
2,04837724	15,26393952	511,09
3,553773326	13,01825527	485,85
0,818938954	14,40854289	479,57
4,257821732	13,69793029	533,82
4,094572726	14,01253619	474,47
2,686357793	14,84923864	631,49
1,596671885	13,02310916	605,36
2,956737424	14,14248295	319,9
3,538181424	13,24324048	635,04
2,443862646	14,29434733	313,5
2,497083921	14,6551267	888,61
3,813100174	14,17979693	924,72
3,66489966	13,4113343	714,74
0,585863919	15,01328706	836,72
3,305230797	15,07645706	868,81
5,138322399	13,59114048	333,96
2,999061146	13,60412852	924,64
2,598148051	14,42909331	384,73
4,405211623	14,08978655	463,83
2,964683071	15,094454	753,77
3,924186119	13,02870841	505,49
3,001139409	14,76684657	586,96
1,569608073	14,1500887	534,18
1,279228893	14,79636848	335,38
2,375843443	15,68161509	977,11
2,115109618	14,86077754	827,85
4,575121369	14,21646671	797,74
0,623894364	15,46205858	336,51
5,051148238	14,01019509	428,83
3,142599108	14,27993071	589,77
0,480206736	15,15047857	851,45
3,202631297	14,69224906	329,14
3,464874479	13,61712443	427,23
4,20379294	14,1738711	734,04
5,050525526	13,19701541	734,91
3,268281308	15,14112277	711,37
4,343407067	13,76130411	594,08
2,884028658	14,03938095	800,39
2,157484872	14,00957127	581,63
3,116063522	13,96808544	775,32
4,531323768	14,99804025	963,37
4,720019004	14,11907943	968,01
4,513372388	13,0324941	649,24
2,045198352	13,56712407	850,58
3,567969747	14,81554259	429,13
4,113077818	14,89275777	898,32
4,676151037	14,05745761	935,01
2,268448834	14,55279476	874,01
2,328593635	13,39206365	674,32
2,979514454	14,39870335	820,08
2,447895331	14,0025708	418,09
4,910884138	14,73214876	411,5
2,995075106	13,43422832	941,8
2,478230102	14,42611358	379,8
1,340661449	14,13198527	865,06
4,633851296	14,26832495	624,98
3,811431518	13,38481685	892,36
4,161811711	14,42167895	744,76
1,787019905	14,23044871	481,59
3,633857361	13,41637411	547,25
0,698780835	14,25623403	683,09
4,56117351	13,43071275	490,47
3,218702543	13,86084543	644,86
6,488835203	13,3581931	322
3,193215945	14,56442377	706,58
5,334852487	14,51179787	751,64
2,444492938	14,58159658	797,31
4,552304924	13,09100964	484,17
3,687307644	13,8151438	675,48
3,035270068	13,37080335	301,23
0,790282734	13,82605782	857,99
3,161852195	14,17675387	641,53
2,621328149	15,62214264	502,05
3,334880706	12,41410304	801,73
1,989570495	14,28384486	781,2
3,175453639	14,45500928	552,76
5,03715252	13,3440338	338,07
4,331999265	13,60747144	373,85
2,910306909	14,35992923	317,96
3,388554254	13,22818169	665,57
1,627678215	13,32390822	907,89
3,738595984	14,29617459	529,35
1,870726934	13,45692064	403,13
3,943813257	13,73846183	886,21
1,709546496	13,47777263	516,02
2,422582612	13,74227289	712,91
4,505532249	14,6228834	815,05
3,590638712	14,832433	593,12
1,060727595	13,82014372	563,58
1,65573225	14,28116506	805,5
2,666321883	14,43829923	732,01
1,990552845	13,79375971	905,56
3,982979985	13,55790033	671,13
3,038516676	14,36842291	401,11
4,897713957	13,35682536	548,07
4,847453084	13,59441889	336,44
0,210572526	13,0588868	453,18
4,072250138	13,62442895	673,94
0,863885508	14,28518212	924,5
2,095601978	14,81450494	846,5
3,205987243	14,16311415	641,82
3,193664506	13,72472495	937,78
1,155071224	14,70457743	628,73
-0,522409516	13,81665543	697,5
3,807129978	13,2248422	466,95
4,535498868	13,32665791	708,96
2,095632819	13,56652376	956,1
2,566915176	13,68584857	326,34
1,623179777	14,95497943	377,41
4,600803183	13,83051168	692,39
1,585472374	12,79954177	411,89
7,576307099	13,15399686	475,76
1,527051165	14,69016148	738,87
2,509498098	12,93826469	940,03
5,248425032	13,11207895	577,81
2,873286361	14,02136041	998,33
1,654195672	13,39744077	506,85
2,691724244	14,51552341	733,46
3,510542199	14,73365212	823,46
1,696685403	14,33000694	635,24
4,652385669	13,62184072	892,54
4,919391959	12,93625237	677,61
2,683986932	13,45139891	402,19
1,13856409	13,74647547	555,11
3,641786534	13,11262788	965,4
2,125382091	15,11606283	822,51
4,665714054	14,2624552	535,91
3,101388922	13,87150844	425,85
1,368789507	14,85350995	928,08
3,329512258	15,41359735	450,42
2,430336797	13,26244276	849,63
3,929949358	13,6206211	859,39
3,058469	14,99492309	720,75
4,300201533	13,62163592	535,8
2,417325995	13,71046124	917,81
2,763937766	15,55085539	886,13
1,816849518	13,68523842	638,88
3,671204781	13,36669972	477,95
1,233044889	14,45995087	461,51
2,855967575	13,49900742	397,33
4,08105412	13,80297901	346,81
3,918166457	14,10869593	883,76
3,390291343	13,91113872	860,08
3,575932433	14,54329949	480,68
5,119776302	13,74247898	393,5
1,651329124	15,06781265	387,62
2,504643501	13,60339816	807,69
2,459795613	14,73406531	849,95
1,085664992	14,04746878	559,67
2,872206701	14,75257917	589,94
2,429418629	14,15610466	654,09
3,686131278	13,09877262	803,95
2,331508684	13,80994164	964,72
2,704772363	15,47515882	676,39
2,447027165	13,51302022	583,88
3,070182187	13,62985065	731,43
1,153949697	13,83705368	857,98
2,123693055	14,44668562	499,94
4,056532921	13,52010562	322,71
1,663994687	14,33121389	323,7
2,847272874	13,86194573	803,27
5,106267721	12,75124617	860,83
3,034802113	12,35009221	780,88
2,827676145	14,22324227	665,84
3,472286756	14,891088	915,81
2,95651173	14,1696513	431,95
1,677439854	14,36699667	405,5
3,495064981	13,27592185	945,5
4,344137666	14,11276887	624,83
3,972351268	14,18364172	993,23
4,128659013	14,23012367	357,82
2,593451671	14,22803813	787,07
4,458710932	13,87363276	973,98
2,482098969	13,39646687	702,01
4,252434906	13,921272	331,95
3,577975734	13,24247428	997,23
0,88696723	13,17115067	963,26
3,513582658	13,8908742	961,07
4,036117502	13,82918123	502,74
3,171716851	14,38204761	397,25
2,828788499	14,45237507	336,18
2,013823048	13,72320951	418,2
3,621935704	13,4234177	486,69
4,104047953	13,91638819	543,96
4,679015191	12,65620737	518,64
4,597494902	14,27436228	496,51
1,766357939	15,163609	706,43
1,705932166	14,66425966	558,5
2,545650015	14,64142331	709,51
4,10329153	14,6034151	532,41
0,511325558	14,83385387	794,44
2,8127974	13,93152511	630,2
2,18779256	14,13185733	615,1
2,478199264	13,44863162	982,92
2,69229153	13,48399188	541,49
2,022418026	13,76991595	661,55
2,490099822	14,33067038	920,61
3,801174839	14,02343942	446,84
5,69066893	13,94988183	788,95
1,461772207	14,0930122	628,77
2,482566305	14,43971852	898,53
1,102459841	13,91837151	716,66
3,633434912	13,84742423	662,64
2,986198142	13,8135454	586,62
1,422545178	14,36917121	986,55
1,393680506	13,99137546	772,56
0,954568009	13,43460427	654,33
2,921022101	15,71638307	785,55
2,118606392	14,04399832	797,9
5,057770063	13,88951097	819,24
3,11422776	15,10780322	428,72
3,979587296	13,84819272	341,53
2,941667885	13,93369161	736,62
3,729236624	15,16613129	470,6
2,39967073	13,63944152	375,39
1,674335706	14,74841873	736,25
1,474810842	13,30247602	932,92
1,999934816	13,42730387	506,62
2,965375168	13,96001063	768,89
5,197254689	14,24185293	719,58
2,255410202	14,92595569	566,7
4,378515634	14,45535553	306,61
3,49319301	13,79318015	428,34
4,309489035	14,55022068	813,24
2,197280022	13,87722644	589,77
3,353186116	13,63474186	539,17
3,690983794	13,37927689	831,62
2,575015526	14,14097381	757,2
3,622062968	13,32217805	669,87
2,179901469	14,21383745	454,37
0,829912337	14,55681804	430,3
5,328234617	13,84256472	987,8
2,181304071	14,14412141	606
0,230550913	14,49028596	436,51
4,136789878	13,61082285	933,88
5,073171803	12,77238426	778,96
2,867781572	15,40482443	487,71
3,620491448	14,05081189	688,55
3,120673447	13,90282156	594,91
3,800175132	13,27591755	796,69
3,918150469	12,81895684	333,07
4,585234861	13,7712588	443,22
4,74792039	13,66426875	390,84
1,281972803	13,99814912	429,86
3,809416451	14,2784324	322,49
3,563409727	14,57878204	396,36
2,743690337	13,73829222	522,52
2,769034349	14,97472883	441,92
1,409986943	14,45002207	542,19
5,298341344	14,20700383	435,3
2,328665672	13,55100312	573,65
2,430780021	14,02381694	617,6
5,406581813	13,47159074	703,12
3,386278868	12,82413529	565,87
4,917348738	13,2303675	590,94
3,182623942	13,47226809	332,82
3,09940021	13,85241483	981,83
2,382304645	13,09788114	800,91
1,505438984	13,64591351	662,67
3,211236602	13,9789685	765,82
2,160736891	13,39771352	304,76
1,215228311	14,9818719	408,69
1,724663697	14,60878056	763,63
0,043768142	14,54988865	683,53
2,703724891	13,34037259	433
2,445789731	14,11464031	369,12
3,950286414	12,52339169	526,76
2,850193359	12,42461808	659,51
5,264606372	13,37152748	548,19
1,137554669	14,09662245	372,71
4,557653021	13,61416061	930,07
2,559606434	12,99584297	912,09
3,647560347	14,54330454	724,12
5,459106675	13,69175974	313,02
3,322305918	12,79911893	532,34
4,357169408	13,23446655	313,5
1,743508462	14,22650703	919,54
4,339661075	13,64824021	774,31
3,534643446	14,79848098	489,2
3,287595825	13,07365737	600,94
3,203556486	14,47745819	497,56
1,451197188	14,06440092	856,49
3,00597352	14,71780301	731,32
2,704176511	14,92670575	594,79
3,976771024	12,87523524	749,25
2,329958917	13,93434176	419,97
3,224775788	13,97791267	442,64
4,351857839	14,59494728	695,46
3,548265892	14,49392654	772,24
1,310326463	15,05037587	958,07
5,366263629	13,16965735	488,03
3,692022839	14,13432391	957,17
2,966487957	13,36583641	517,41
2,476409868	13,63749178	852,68
2,579469472	13,90413505	460,29
3,163777942	13,32631678	660,06
3,057331338	13,63823346	590,98
2,213249435	14,3050588	790,31
2,061343725	14,68871949	616,23
1,285226902	14,95438031	809,53
3,727623995	14,75550618	565,69
1,111023994	14,073274	981,26
3,364586685	14,33922304	324,1
2,361287209	14,21316305	599,73
3,133335327	14,1515067	847,98
2,868858152	13,60804076	416,16
2,188235664	13,44900558	680,55
3,231510149	13,1995603	746,68
3,269665196	14,61702535	769,75
4,611228112	13,55965453	641,42
1,367719963	13,53827517	693,79
-0,504554464	14,39720761	420,91
3,121009586	14,5528487	422,96
5,495144001	13,77282649	631,21
4,354736142	12,58011378	502,26
4,316842678	14,48692859	674,81
2,242145241	14,64135202	307,98
3,125931437	14,35004503	952,57
3,633088563	12,5432209	675,07
3,618497325	14,97428693	778,8
4,89507227	13,50166041	333,2
1,25275415	14,25278694	324,23
1,980970476	14,09866532	975,24
1,190348713	15,19502099	932,12
1,87404342	13,24004803	990,1
3,604421719	14,21518799	924,05
2,909739961	14,24258247	774,63
3,419448677	13,43379176	629,77
4,021548705	12,99257961	876,94
0,725049601	14,34148975	847,41
3,651928474	15,50022198	936,14
2,436645983	13,58931146	910,37
3,939314691	13,85304539	404,93
2,936457079	14,30915842	564,29
3,101330768	13,46483619	859,49
3,253557579	14,28359372	768,89
3,161632785	14,39636533	543,07
1,136479087	14,77821354	459,81
1,602435198	14,45942778	578,79
2,680187228	14,38400807	820,14
3,641112072	13,79698128	640,1
3,483000124	13,84137669	392,16
3,008167854	13,90942853	307,53
0,103638739	15,65288198	411,15
2,660428721	14,24933903	333,14
1,718844377	14,52250948	582,47
3,081090886	13,74872431	569,15
5,552043891	13,13687207	850,97
2,73123965	14,07624903	509,2
2,507688434	14,71306307	342,47
3,239577713	12,99057998	975,73
3,955936652	14,05972408	646,22
4,274121823	13,2707402	798,44
3,682598074	14,13754645	592,83
6,000687174	14,62708113	954,94
0,516201245	14,48018307	545,14
4,643124202	14,36879071	366,82
3,121357853	13,72010897	683,14
2,331893101	13,64757413	405,41
0,995732047	14,84600497	598,7
2,688231862	12,81789326	824,27
3,596428601	14,49813075	826,88
4,836949149	13,79037281	370,3
3,499189631	14,6991756	901,54
4,104675638	13,17570006	901,76
1,959724584	15,43016734	986,55
2,361359921	14,99556756	968,23
2,713644406	14,22559976	727,36
1,855132802	14,32935477	791,69
1,692401028	14,20965341	991,15
4,654273269	12,95359429	876,63
1,861009553	13,94095365	502,88
4,319746642	14,26156753	725,41
2,244165611	14,47765421	541,69
4,172438317	14,75800481	857,85
3,25445879	14,12910747	732,49
3,252960794	12,53389634	838,8
4,131653122	12,60660373	356,38
3,661635108	14,10890451	912,83
3,301818341	13,64551968	361,11
2,268918781	14,130973	979,98
2,304590042	13,07665202	694,44
5,688922418	13,54469586	476,53
2,013409194	14,80171087	474,92
2,926519367	15,31093337	399,58
3,799323153	15,7949866	712,32
4,642931142	13,53833197	653,67
2,610951371	14,59986728	895,08
2,568881812	14,75167136	608,89
3,969651289	13,17342565	630,13
4,20926373	13,93885189	595,23
4,632176731	13,97575566	303,91
2,415061005	14,38071782	767,5
2,330729747	13,44654861	432,76
2,899506547	14,34560269	609,66
4,145821821	13,69275533	673,34
2,401091445	15,33542331	309,51
2,648425441	14,09572741	561,07
2,343839441	13,42799251	593,55
3,185799254	13,52130219	452,96
2,476689628	14,54468003	562,39
3,080184707	13,71119516	803,05
3,95181279	13,70217733	684,06
2,291338724	13,35491257	874,05
4,826646018	13,16517317	593,77
3,425113722	13,89977973	420,04
3,028004747	14,21945497	908,77
3,064455056	13,31163689	650,81
1,332399054	14,59601998	481,41
2,57560687	14,73291248	377,04
2,598931138	13,9653965	658,68
1,511518254	13,58329614	383,78
2,602290879	15,22247657	999,08
4,963295473	13,03296015	616,8
3,606874573	13,75697398	884,99
1,484184558	14,82200737	327,27
3,272145389	14,57022512	527,23
2,579112203	14,10735648	685,95
1,532792403	14,6893229	925,98
3,351630325	13,97164702	946,47
3,324811849	13,42019587	595,19
3,06992625	13,6337665	692,4
1,499137868	13,51654087	697,66
1,631082576	14,56135624	477,62
3,930539192	13,40094742	697,99
2,815756938	13,20123518	505,02
3,46560699	14,51532704	702,29
4,190206522	14,27347123	361,42
2,569806119	13,89267609	795,64
2,477034442	14,68162976	360,11
4,382590634	13,09329222	345,25
0,628184683	14,85081789	456,75
5,28835373	14,68871992	758,5
1,766480606	13,22485731	353,97
5,11387716	13,68603311	916,2
4,487327572	12,81573293	386,11
3,367958246	14,26111256	997,48
2,461405628	14,07109423	730,34
1,715364991	13,64874944	970,06
4,842354483	13,04551504	801,68
3,848403964	14,27113666	883,79
1,878986474	13,48228224	968,23
3,491467908	13,56510537	652,01
3,742618786	14,25266551	860,18
5,109159475	13,08123249	335,41
4,480388606	13,55556017	409,69
3,202787703	14,37781231	571,68
3,830147883	13,54355125	919,21
2,527618069	15,07338146	693,82
3,051709963	13,7486657	490,05
5,533650702	14,35723796	840,58
4,0796536	14,02522742	501,68
2,146165917	13,28470205	451,29
2,554226611	13,49143295	653,27
2,476080486	14,77125759	843,87
3,847598538	13,58153948	567,19
1,156165378	14,18746566	845,33
2,538162788	14,04161775	333,07
3,310647448	13,86101803	464,96
5,122459433	13,25933136	388,74
2,922777109	14,51657598	582,45
3,199855997	13,27813102	699,36
3,02538801	14,99769579	396,82
3,959688477	14,09666168	338,27
3,729711852	14,50104879	685,56
2,652476947	13,47870614	465,61
4,206654464	13,47689425	990,64
4,157908831	14,08388131	663,09
2,579615655	14,10376074	467,35
5,148163015	12,92332842	455,42
2,477839763	14,64682893	652,69
-0,204676976	14,8495987	697,6
3,001358819	14,58366078	404,68
2,181020533	13,17393796	905,39
3,336203156	14,12410261	601,92
1,909770114	14,23912612	893,55
2,345662928	14,51412041	897,21
1,102291367	14,5706779	832,66
1,749455707	14,61676402	939,89
3,342269059	13,76458883	793,18
0,506585143	13,67534003	817,01
3,029941022	13,6880034	680,91
2,149299348	13,26047028	451,22
0,851793163	14,78583427	691,24
3,135469703	13,60227355	968
3,856107728	14,54036045	865,23
3,429992852	14,17210412	421,12
2,565985129	14,30372275	413,06
1,29733723	14,6051905	979,1
3,261333253	14,43785594	324,18
2,959768491	13,57211408	503,17
2,535527738	14,38564456	450,54
3,693044906	15,2287391	580,79
2,170892932	13,55049298	840,4
1,893619126	13,95274106	658,45
4,202354357	14,03609736	587,46
3,67866735	13,49975094	706,34
4,621239879	14,48224119	649,89
1,038740378	13,11363967	626,75
2,463295032	15,10615089	357,3
1,337703506	15,07704787	484,19
1,328512053	14,85470963	305,23
3,680603065	13,76997348	381,69
4,161382493	14,28250901	866,31
1,377112543	15,00447749	382,66
2,788488656	14,11149096	463,92
2,543901208	13,49226392	342,94
2,291827913	14,16279456	687,29
0,848484123	13,85760718	569,82
2,479203134	14,67765326	926,44
6,759756472	13,65992948	610,28
2,035022945	13,12355639	492,5
3,342727664	13,67951786	879,91
3,335799183	14,42093108	868,5
3,108634568	13,73064514	955,62
1,928564467	14,28978624	998,48
2,067919623	14,86513901	539,54
3,458572733	14,01403387	836,69
3,738904178	14,36470723	865,31
1,77215893	13,75283974	807,1
3,039427853	13,27421339	916,86
3,656630509	14,6253847	632,5
2,989041835	13,32914915	544,35
6,308519522	13,44063957	303,92
2,572462404	13,22509471	914,55
2,443352852	14,38282706	535,88
2,168567683	13,46519138	566,4
3,903705342	13,62510668	500,2
2,865820221	15,30779856	914,16
2,393058253	14,09212183	543,68
3,391380785	13,57723738	852,63
4,282240475	14,29368075	484,27
3,798761003	13,1706201	812,55
3,746931335	14,82855295	893,89
2,917993841	13,60176409	833,66
3,141459946	14,56866573	460,97
2,268162341	14,63605924	419,02
2,543946691	15,64296613	356,19
3,119145561	14,14820659	833,81
2,769884262	13,81155105	995,76
3,33002751	13,94924177	502,79
3,777112063	13,6956919	396,27
5,479687701	13,79009432	401,31
0,683724571	14,72419891	403,37
3,509677541	14,27671999	498,82
3,762710137	13,39265318	935,45
3,598960107	13,9537235	888,76
4,170070188	14,05943558	983
3,103148195	13,23149395	678,02
2,979765479	13,48680434	422,56
3,376950116	13,96592159	788,5
3,694343886	14,71959191	455,13
3,217110536	14,27490338	855,39
5,135704968	14,06556684	727,35
2,488637598	14,15556092	647,81
4,154046631	14,1083196	725,36
3,128302055	14,23849442	900,88
2,065677733	14,88157033	443,47
2,883244141	13,86063618	617,04
4,047601994	13,94629805	723,11
2,301799597	14,64980649	991,15
3,613817514	14,20986063	869,61
5,2035148	14,43637974	802,44
0,983903219	14,18248534	349,68
3,160641858	14,10143317	976,51
2,928496321	14,22733297	874,3
2,036163504	14,1912458	610,14
2,885813705	13,73289792	658,05
2,598692161	13,0146375	300,71
3,380002111	14,08838145	964,83
4,142645716	14,51478876	581,47
4,110840959	13,88907642	856,97
4,445559741	14,51886707	543,55
1,302859211	14,74560631	397,78
3,892556518	14,08962521	462,68
2,60866363	13,8892181	735,23
2,727535732	14,41767733	512,11
2,707587037	13,31634322	375,36
2,236417946	14,27752701	339,79
2,852450517	13,84715473	592,4
1,964878863	14,24445307	505,49
2,849631533	13,69332948	953,28
4,195609951	15,01374491	687,97
1,345654494	13,57098847	317,58
1,558149194	14,82359064	896,38
0,760764815	13,98981957	862,16
2,162693399	13,44698768	616,52
1,394018571	15,17163674	857,31
3,69317648	13,24817724	655,74
1,274084603	13,96470075	348,05
1,047143346	14,15587871	670,73
3,245918664	13,48438482	789,09
3,781692773	13,84427979	603,01
2,349404839	13,87218636	684,09
1,504032613	15,09978821	914,1
1,03190574	13,8240612	676,58
2,863404003	13,15046885	642,25
3,726606319	13,39770924	925,64
3,763722782	13,69971083	958,7
0,473426011	13,68757155	450,72
2,23416361	13,59263445	474,52
2,454308359	12,63697155	406,9
3,129803592	14,82714541	773,86
4,500998908	13,87659362	635,59
2,545518689	14,23218526	776,73
3,719751229	14,92992989	317,07
3,161563535	14,11239642	998,62
2,759847583	13,83510901	608,67
1,745874894	14,47709912	619,54
-0,028530194	14,06205022	326,6
4,110387831	13,28310876	703,64
2,473675603	13,91763884	518,09
3,574611143	14,25256779	932,06
1,987968657	15,05658856	705,46
4,374034834	14,01456563	809,15
2,624282927	13,69905064	703,84
3,987972951	13,858195	902,79
3,917502916	13,53959973	574,14
2,84705537	14,47116094	926,08
2,021376752	13,61523751	955,96
2,44286806	14,61370842	915,3
4,989797035	14,31328178	400,88
3,3785561	13,89811512	642,45
3,711991478	14,46379031	319,69
3,286676148	14,17024444	904,17
4,647078532	13,24997353	776,84
3,196741846	13,67015133	628,73
3,016577301	14,53243158	618,29
2,432105451	14,71026473	313,51
2,034050069	14,41144529	656,15
5,909616266	13,80949763	617,48
1,248903339	12,71175725	522,93
1,76727915	13,53281643	631,29
2,91741228	14,03401161	441,42
4,199551372	13,49929936	967,96
3,032613958	13,17713432	573,43
3,225638286	14,43203649	757,43
2,846065459	14,843526	845,61
4,152386396	13,80806519	985,66
4,519430781	13,42142869	710,29
4,026912318	12,84764357	721,3
4,784855548	12,89024684	453,16
0,19863203	13,07731481	982,18
3,77857035	13,67288738	457,31
3,60255787	13,00332088	647,32
5,242209788	13,78429524	387,63
3,143491902	13,74522224	559,19
5,077442638	14,49532666	782,27
3,085947117	14,94894938	456,94
2,022068512	13,74910177	660,53
3,916264847	14,14244572	313,18
3,04538213	14,14896993	479,61
3,178278187	13,73444533	377
2,289908666	13,26266416	522,35
3,50150553	14,58422654	747,41
0,555537041	13,72947388	761,86
3,478765514	14,53402815	450,82
0,635456234	13,24240767	908
2,781758472	14,03742225	372,73
4,073309396	15,00524122	384,38
3,330132296	14,44822896	314,01
4,193712326	13,73180535	522,14
3,570493185	13,3696297	648,19
2,3954226	14,37243976	615,71
3,446480845	13,88021951	748,54
3,967241276	13,84164355	531,7
1,313752327	13,51309037	824,53
2,956235729	14,69848006	562,9
1,03927586	14,77304184	867,57
2,698140044	14,81021781	477,42
3,868334736	13,84105332	615,32
3,281978329	14,26900144	928,92
3,605978543	14,12488445	356,8
2,3667558	14,24386392	726,13
2,023725384	15,39459634	614,48
1,244644762	14,5339876	303,61
3,946532278	13,77071803	923,29
2,073007725	14,39001746	886,17
2,613690804	14,07319785	632,59
3,990271938	13,41376292	610,53
1,241134673	14,56218252	752,11
4,122147904	13,57774244	417,69
1,038230932	14,42234991	745,87
4,436954196	13,61966669	819,66
-0,647264893	14,70572954	544,37
2,367593612	14,59656533	886,74
1,969498981	13,54156511	772,69
4,393832611	13,21374391	568,18
2,830766017	14,05539649	586,61
4,055668353	14,34204971	947,46
2,095316614	14,09769472	653,06
4,511210699	13,41939227	675,38
0,372815656	14,66366915	520,16
2,124850762	14,01024962	383,04
3,456579561	13,93205519	928,11
2,83248738	14,86131838	867,89
2,868277064	14,38086373	855,57
1,463617692	14,13586194	593,31
4,21524487	13,5202771	671,23
2,622315019	14,02757866	606,45
4,524636424	13,59807543	577,35
5,830436906	13,00028367	830
3,138841344	14,20028623	377,62
3,022275765	12,71435978	672,35
3,665548477	13,7107027	686,54
1,576655308	15,05236875	419,63
1,646079495	14,16843244	892,87
0,52652006	14,16372192	499,85
3,149544843	14,93238608	413,01
3,389649083	13,47001066	841,89
4,411007387	14,26563599	334,49
3,982812718	13,65383202	557,9
4,428589537	13,84630553	701,97
5,468662206	13,02262356	413,54
3,78007263	13,47382757	395,35
1,457381296	13,8254607	980,35
3,453130214	14,906592	913,58
4,149029741	13,29663483	902,48
0,477487558	14,02566105	947,05
2,520885457	14,48227338	720,3
1,675664065	13,08342953	563,35
0,749623386	13,61107052	787,37
6,046559842	12,93978388	720,5
3,921556518	13,74990375	779,49
3,322729609	14,60986716	881,75
4,656495501	13,60849632	510,4
2,15613454	14,7756319	757,18
4,7519652	13,80299129	338,05
3,867638607	14,07499753	495,84
3,881095694	13,87123681	516,94
3,029701055	13,44746514	918,57
0,491747484	14,28269271	610,18
1,691573735	14,14825084	621,02
3,142870841	14,30343069	509,6
4,143569011	13,82473811	844,67
5,588696361	13,18442424	909,96
4,066409485	14,5154764	866,98
1,723148623	14,5838814	335,07
2,551052678	14,52333746	529,6
2,625953944	15,35375784	441,15
1,190203656	13,5589027	771,58
3,116976707	14,18732735	666,45
4,315780464	14,95729794	699,39
4,702800956	13,86042821	633,85
3,315803859	14,44569965	412,11
0,016637867	14,51567163	386,42
2,582731427	14,06941791	855,19
2,142439798	14,63977592	479,95
3,23316853	14,01483291	800,48
2,911696499	13,7411366	899,5
2,887263196	14,74145868	805,32
4,526215965	13,87795029	632,88
3,558733294	15,27247114	335,17
1,84065724	14,81613741	909,38
2,095206125	14,84728328	736,43
3,334080878	14,42293231	820,67
1,491775154	14,01750461	569,58
1,425851987	13,80774975	983,33
2,210933392	14,42193251	301,99
3,340518111	14,09697871	979,38
2,41232695	13,94682485	421,41
2,699965684	14,2287485	707,19
3,136281598	14,002423	421,84
2,951458174	14,14350745	761,63
2,666799729	13,5419958	465,72
2,179610262	13,14327251	306,07
3,10380699	13,59794939	823,28
2,556799313	13,76132925	320,66
2,432966191	14,79782723	772,75
3,410834131	14,26711937	359,99
2,24844563	14,25178583	428,19
2,625331823	13,88844889	571,84
1,734369496	14,48382883	631,07
1,865720968	13,85439887	310,33
3,548747884	15,5311847	974,18
1,461048864	14,14393951	328,81
3,682870232	13,90163331	592,77
4,069352317	13,66574622	407,3
1,361584101	14,46297953	703,84
2,605182053	14,05526992	435,81
3,041685489	13,52993205	366,75
4,404771725	13,1791372	359,33
3,348251974	13,52013628	385,53
4,361503444	13,00735542	917,45
3,203732427	14,51411826	902,97
2,517250927	13,81805166	458,53
1,55333988	14,94336017	731,15
0,570932995	14,32119489	494,09
1,143700759	14,60708113	387,55
2,591155637	14,45768469	367,76
3,347159429	14,04429388	969,9
3,436915972	13,45683045	877,84
2,987390458	14,31031733	643,88
2,634276144	14,26057363	859,32
4,529373835	13,42604529	369,07
2,231968817	14,04431034	575,65
5,705036297	14,09698166	839,27
3,91544049	14,1470811	676,57
2,960858609	15,44362025	863,04
3,479495339	13,59721642	588,1
6,651818342	12,97108165	839,5
2,759806767	14,03743929	302,17
1,893372979	15,21029856	486,54
3,279588821	13,6874939	719,64
0,735806227	14,42662532	769,9
3,389652051	12,30342843	735,56
5,24836129	13,33780901	679,05
2,562680457	14,20198442	835,29
3,330954866	13,4531485	918,07
3,228203802	12,9496967	454,67
2,293329285	13,88741852	947,46
1,935653608	13,80367721	693,87
1,645710651	14,47293916	633,37
3,450103588	14,48050683	884,99
1,398748048	13,6194324	550,4
1,314848698	13,99784457	305,28
2,140317043	13,93699976	445,16
4,368078633	13,66847519	768,71
2,256922377	14,09484838	875,19
2,442794494	14,23464014	495,71
2,716820506	13,90528834	650,38
2,525980969	14,33733985	835,98
1,7100839	14,16164589	477,83
2,78667238	14,16148959	764,7
2,488574041	14,51863277	927,3
2,643251741	14,03306003	683,66
2,633150342	13,72703485	821,6
3,764867038	13,45654424	737,95
2,176461036	13,32325346	437,19
4,116457557	12,78160095	931,28
1,592782203	13,58254639	487,91
2,351384086	14,61297508	966,27
4,479885644	12,51225512	375,43
1,857667272	14,36313545	374,78
2,412972765	14,65489725	542,94
0,896886267	13,70243572	968,96
5,235716782	13,5521424	339,77
5,589718875	12,88604765	866,18
2,83162448	15,28096683	374,28
0,967538432	13,77266843	689,62
2,394354663	13,6228308	625,25
4,13175682	14,46373052	651,04
3,329599495	14,5055011	669,6
2,955592284	14,01924168	634,67
3,042304542	13,82146983	479,01
2,408265687	14,62703091	503,5
1,780774667	14,32390695	741,7
4,646285312	13,2400257	372,13
3,467690556	13,62085751	428,8
5,853307202	12,66490033	400,69
2,587954945	12,71280594	852,41
2,305590062	13,5009344	586,97
2,505057976	14,57319353	797,83
2,689894698	13,68819815	917,65
2,427192257	14,02104105	511,04
2,658003926	14,16529474	596,6
1,553810022	13,89126206	996,98
3,481091128	14,06933513	737,89
2,757165364	13,34287108	977,99
2,330697762	13,30943622	733,33
1,933526199	14,95150391	483,22
2,459790482	13,98596686	944,36
2,410026988	15,13448773	769,46
2,158708507	13,56801636	395,39
2,4578851	14,27560354	626,29
2,895480993	14,02265634	311,84
3,703799257	14,80519881	881,04
0,396297215	14,89173002	883,99
5,669470188	14,27639641	604,33
3,362167207	14,12370981	577,33
2,362824179	13,81101571	443,03
4,126028838	13,77096897	826,34
3,535596082	13,28012548	666,26
3,62921256	13,59550268	709,18
3,70595146	14,49402757	927,81
3,774980103	13,81789966	833,24
1,307989035	14,14195913	806,13
3,099281652	13,88261892	322,35
2,906164945	14,67125652	893,1
3,984210485	13,90672942	871,27
4,760439218	12,33796637	499,76
0,497240525	14,21459191	929,92
1,259095097	14,11644318	822,83
3,013386864	13,20866243	586,98
2,111792553	14,78107304	743,63
3,218843139	15,39754646	651,47
2,736425599	13,76783126	977,58
6,143277226	14,18293502	440,24
1,425019107	14,31660572	331,14
2,182002827	12,58271416	760,44
2,017239402	14,62490167	357,3
2,572861662	14,64486685	536,82
3,417681533	13,87340604	868,13
4,151771951	15,1253399	992,57
-0,436584857	14,48570266	583,66
2,373179967	14,16622166	497,47
3,865321381	13,68138164	648,94
0,055187264	14,50720303	915,73
4,621355783	12,55040113	954,03
2,939547845	14,73063767	640,31
3,439703304	14,48043897	481,64
4,59286678	14,08943587	325,7
2,113768937	14,53584414	930,49
4,163171453	13,81398527	626,86
2,782720479	13,65212034	608,87
3,218875999	14,25826127	923,98
2,356529004	14,59984609	827,65
0,088429747	14,52557324	470,02
4,623191914	14,21071113	529,04
2,969782509	14,2246156	935,87
1,510737123	14,1782719	872,57
4,339790666	14,8056862	777,88
4,39582096	12,84025322	857,81
3,398380624	13,96285038	389,77
1,499035649	14,26002729	937,98
0,301224404	14,83662837	545,75
4,426475375	13,79172891	708,29
1,880095033	13,84923465	998,24
5,561849148	13,34108567	531,06
5,225316278	14,08110244	912,04
2,588592677	13,61721441	492,42
2,55211187	14,2008977	824,57
4,292279351	13,79346146	973,02
2,519970246	14,74753433	916,97
2,675397191	13,6414159	660,17
1,109491575	15,24198555	400,85
2,325233276	14,25036358	401,66
1,814350473	14,01448702	906,16
2,661675534	14,21378127	784,03
3,761036609	12,01073808	366,51
2,169844728	14,50767725	550,43
1,428667931	14,27899018	753,24
3,059735536	13,84741655	663,86
4,475531327	14,58046808	520,09
4,17989701	14,90217922	911,97
3,141612488	14,00388112	411,51
4,474387546	12,91048036	968,75
2,3985588	15,05431043	406,51
3,023252142	14,5626617	533,87
4,061878699	14,19548269	408,86
3,038284613	13,72183043	310,66
1,469841935	13,79057752	373,54
3,098500396	14,95392682	507,27
5,489930761	13,04797462	825,76
3,988556335	14,37423651	705,08
1,006409844	13,32655491	539,9
2,567934454	14,09292996	616,31
1,947457921	14,38643639	922,93
1,119876369	14,16554539	385,14
2,446838611	13,66311405	943,15
3,731294698	13,57757155	825,47
3,168260287	14,22544197	905,52
4,406621375	14,27607558	835,08
2,947851735	13,7830562	481,36
1,96547352	14,099499	332,08
2,058701783	13,66742219	506,08
3,892894292	12,96790884	957,84
2,451806568	14,20854643	869,17
2,452141252	13,33691181	583,93
5,134346801	13,56568962	611,56
3,203748947	13,10937325	633,87
2,285255563	14,87825556	883,41
3,394805308	13,83435395	904,21
3,824786251	13,80968298	665,48
3,892508883	13,42956354	435,9
3,11129021	13,26143337	995,22
1,545564214	14,43573418	893,48
2,570271824	14,35749669	429,06
1,455685119	15,54367173	320,59
1,982509604	13,66877133	703,81
5,460056521	14,59618708	835,54
3,342178656	13,13287183	303,94
1,504408636	13,53403142	923,31
1,1088997	14,38584131	754,71
3,406066018	13,4668911	761,53
2,636348224	15,61332024	581,53
4,223279265	13,4000689	648,14
2,476118623	13,83660828	309,47
4,35190377	14,2721055	626,8
1,649340642	14,79345715	936,98
3,772892036	13,08823758	711,92
3,368745421	14,3288777	938,33
5,201877053	13,40198114	411,8
4,009610982	14,08223379	654,89
3,087002926	14,19871528	825,6
1,579416025	14,87860883	316,48
3,794546101	13,51363514	511,03
2,157376981	13,63914824	315,41
1,110396426	14,31189541	836,42
0,402548406	13,83358753	344,37
2,588918514	13,53194696	380,22
1,250503016	13,73602842	303,59
2,761217368	13,52394742	552,89
1,639951167	13,71593588	463,35
2,678454945	14,39619122	980,8
5,100744591	13,735412	486,76
2,654627444	13,76941115	858,11
3,349997504	12,60481775	814,16
3,403846895	14,51838789	331,53
1,870641215	14,93566182	807,04
3,877024863	14,12525049	329,27
3,625439169	13,29683147	736,25
4,144717247	13,91102713	426,22
4,744464627	12,85867414	691,6
4,147366501	14,07090851	962,2
2,603897396	14,59933058	795,84
1,119900302	14,95696604	422,93
1,233676077	13,55698339	939,73
2,466821616	13,94417556	973,52
1,735419608	14,28457819	506,55
0,487053254	13,81291163	734,32
2,147088877	13,84779302	481,84
3,770158087	13,18022755	736,83
3,332020147	15,17120771	457,51
3,666442368	13,41548795	946,96
3,547547327	14,09131786	774,69
1,900355787	13,34740364	360,6
2,952070275	15,14290719	675,26
4,033435132	12,77990613	302
3,872244034	14,8278976	526,88
-0,247744547	15,10011	595,14
2,697324736	14,19290976	384,6
2,038433987	14,81765731	520,06
2,673125259	13,63412979	493,12
3,292683146	14,13628021	392,25
3,109062076	14,02942643	369,27
3,623292767	13,35141476	528,7
3,815801572	13,03006264	542,93
1,957499913	14,18965326	441,29
3,648060579	12,90521511	302,15
2,54126235	13,34004093	792,68
4,37328647	14,55093267	817,82
2,55445507	13,85527741	533,87
2,747019527	13,77046382	488,21
6,565577164	12,33578227	483,74
4,369517929	14,11721161	492,49
3,098476753	14,53989248	941,73
1,509012571	14,56448498	911,75
2,045616964	13,89375249	979,42
3,073497079	14,66644423	327,19
4,145308016	14,66758664	956,01
2,968145178	13,55703198	572,86
2,288277188	13,43562962	822,94
2,3470128	13,67827575	572,79
2,559294713	13,57784111	685,9
3,338866939	13,05423818	420,43
4,187437993	13,69748475	720,53
5,198952792	12,76200753	464,88
4,868883167	14,73946571	785,64
-0,073724033	14,44362081	303,57
4,62358549	12,82362052	800,08
0,771423357	14,46665152	598,61
1,774201271	14,08398216	459,69
4,422605738	14,21317998	768,31
1,175488528	14,30392094	905,63
3,401591527	13,73610885	571,63
1,929890702	13,45826439	806,54
4,013523806	13,62311144	801,47
5,417221236	13,63656928	856,03
2,118389152	14,05423842	608,07
1,378790316	14,40951649	865,59
2,60002205	14,71585579	798,44
2,837243328	14,34664511	458,6
3,507898192	12,94287983	646,39
4,660318762	13,87015881	387,88
2,250702327	14,36543768	657,13
3,867447504	14,07138325	954,81
2,748993166	14,0368723	804,04
5,586145572	13,18548605	754,48
1,656117364	13,44345081	710,72
2,332050959	14,55612623	672,48
3,60091084	14,00561306	333,66
4,371760424	14,17673108	460,49
3,389647816	14,35884191	736,41
2,371725163	13,73288094	802,57
3,809436501	13,44824867	736,63
2,87056669	14,21177889	501,43
1,996804049	13,62617449	876,32
4,100642528	13,08833369	951,22
1,313882779	14,79417683	853,35
2,680012971	14,03968213	792,53
1,121761206	14,02017218	957,57
2,491251091	13,4629111	858,98
2,479320934	14,48917992	642,36
4,219997719	14,39509467	799,37
6,987338206	13,90248925	421,38
3,382067975	13,6201715	319
3,219832694	14,62232441	679,15
1,015729731	13,32248529	434,18
1,754470509	14,69161658	374,13
1,978689644	14,12653939	399,76
1,946844055	14,05543749	720,3
6,004833489	13,1116325	920,38
1,963016507	13,30609589	559,53
2,02289071	13,38727617	944,38
2,974819541	13,41032887	917,51
1,947445293	14,49200848	872,23
2,328160801	14,48380486	775,15
3,887432024	13,3414088	629,43
3,065440319	15,00811214	516,49
1,78352107	14,76629966	456,46
2,30759731	13,99697125	455,82
3,250295243	13,9011415	480,67
4,341575217	14,40948347	931,9
3,923219075	14,0652697	548,25
3,201422852	13,60557403	305,51
3,540530989	13,99440277	452,07
2,818084129	14,77460673	989,82
1,754203417	13,40421112	663,27
2,380494315	13,8888823	673,17
0,468589183	14,44666065	986,28
2,413975964	13,68613666	538,26
2,856803057	13,12570142	918,58
4,126548638	13,57167801	421,28
4,336837005	14,11191236	933,72
3,56634718	13,44461415	420,7
3,211151461	13,24916531	612,45
3,254677075	14,18100823	443,44
2,757135942	14,46417698	681,21
-1,169134339	14,33676713	400
2,945861397	13,75254927	472,19
5,486375451	13,3553765	344,1
3,532666498	14,3976293	760,4
3,090059184	13,94386876	999,49
1,567205894	14,52426641	453,45
1,927879449	14,17934694	486,87
0,821929947	14,65671631	681,59
4,340009282	13,27777851	800,14
3,649845294	13,97977797	762,52
5,226297611	14,25547037	431,38
2,292648047	12,74983796	479,39
2,003399332	13,52508055	537,74
4,157085154	14,59078632	478,53
1,343659907	14,49242622	689,88
5,496483373	14,44239715	830,66
1,348457548	14,4566204	772,76
2,196785862	14,64577266	339,09
4,074861675	12,71070286	907,87
2,20670822	13,46200774	491,26
2,206815378	14,27041915	395,28
1,602410553	14,30824312	929,96
2,141328779	15,05579272	334,6
1,202961921	13,74418969	338,23
3,478940352	13,64299474	305,97
3,687461189	13,18269414	720,27
1,060051661	15,29611019	856,5
3,447529248	14,94808106	639,19
4,569287582	14,31167127	337,67
4,499380268	13,65084078	966,41
2,367649366	13,89423753	869,95
3,878034253	13,90385504	883,59
1,034942056	14,65116112	527,02
0,020442782	14,60079129	862,56
2,606782767	13,7838748	400,74
2,094920088	14,96488779	587,39
1,448419053	14,7830371	320,67
1,145779	13,85548948	802,8
3,555442863	14,26831955	564,66
3,170356318	14,00658751	863,8
1,979811418	12,80591755	592,8
3,52640395	14,35618562	783,28
2,189375259	14,6477417	707,92
2,900740896	13,73068331	877,55
3,079517681	13,2919293	855,27
1,437282395	14,91292365	620,11
3,608433651	14,29282124	578,1
3,766681497	13,84825945	689,11
3,778588269	12,59188619	468,36
6,665261455	13,902889	302,93
1,299754435	14,22204956	918,55
2,054015048	13,34747726	958,45
0,527386858	14,54284149	704,48
4,961195224	12,86794276	644
2,628831431	13,886321	815,36
3,668908739	13,26350091	939,32
2,798844848	13,75283891	681,54
2,307823196	13,1927322	927,5
3,250157177	14,42887818	466,58
4,720342156	14,14347255	961,03
1,961406693	14,98607894	813,49
1,877739297	14,00497165	323,76
2,404673423	13,72395166	610,09
3,9482854	13,62506772	655,17
3,570007193	14,13392204	653,08
1,937964111	13,93759164	531,26
1,466748772	14,74693214	433,02
4,262322813	12,55443205	604,82
3,195924022	14,51156244	496,91
2,847764776	14,76931393	308,5
3,092330898	13,46918554	574,54
3,556886159	14,11686375	526,67
1,634526098	13,80558013	564,15
2,084074012	14,14445543	848,36
2,791118505	13,65969755	618,75
2,153740933	13,35358057	410,72
2,093265899	14,03228797	546,13
1,614160388	14,03113602	973,12
2,066935282	14,06092108	349,97
2,472131641	13,32568165	603,72
2,357962915	14,13656068	781,12
3,977360385	13,18288349	465,69
0,55512875	14,7344507	539,91
5,077290404	13,76755086	720,24
2,578297623	14,28698837	542,12
1,549681581	14,66784556	438,54
2,503174262	12,74969784	900,74
3,828596507	13,92560917	723,42
6,064293419	13,36977791	549,8
4,659496847	13,01130777	719,73
1,802031001	14,06781342	534,34
2,796457449	13,47935942	721,9
4,956536786	13,41254201	885,71
2,365941631	14,24169847	787,8
1,971365538	13,28744435	783,16
3,444230203	14,73515693	519,12
2,800069524	14,19275931	442,44
2,200461982	13,73859922	662,32
3,821162586	13,61027479	632,79
2,957367442	13,33338933	930,37
2,269249172	13,45186872	612,28
1,933595263	13,40682229	371,36
2,693183726	13,78723333	655,5
3,626305913	13,70331743	604,91
3,717394318	14,02480922	308,41
3,395009206	13,62181661	680,3
4,024000459	13,06294799	442,04
2,723638798	13,91880821	631,71
4,193975486	12,87358175	752,76
1,964112361	13,99159201	306,4
3,173939877	13,85148069	324,77
2,49538257	15,28132084	626,86
2,875025266	14,89762711	690,58
0,380650471	15,17567762	686,78
4,016467665	13,3977108	965,59
3,225924609	12,81710926	611,83
3,939477366	14,66999039	956
4,19169587	12,73078793	306,01
2,34696379	15,19440901	701,67
1,664301136	14,92198541	452,8
2,026672567	15,23012721	449,73
2,166119332	13,98138615	881,16
3,513544944	13,8976528	965,4
3,289399405	14,42377665	729,54
3,991489288	13,89728306	314,34
2,462514819	13,90289393	498,12
1,851237743	13,95712224	510,44
1,371301122	14,63338707	970,53
4,419064274	13,57388477	675,12
2,196141436	13,57385351	749,49
3,227194264	14,7695382	654,86
2,545996136	15,20152021	502,68
2,467771273	14,26997746	618,4
1,85564917	14,33499919	662,37
1,823131418	14,34001361	366,4
2,618102044	13,0630833	845,84
3,542072939	13,63278798	952,21
1,668629173	14,27775137	692,44
1,394994646	14,01427377	357,7
3,270141211	14,54456219	962,49
2,713792776	14,45640487	486,4
2,30826377	14,42349976	641,66
4,700606453	13,23584118	405,25
2,431772019	13,95859478	467,82
1,763014641	13,15994832	876,85
2,33189215	13,93185245	463,51
1,788644339	14,65869003	802,66
2,884753214	14,26422603	953,96
4,983406655	14,218763	792,64
2,253478801	14,54369178	446,18
2,435993061	14,44316945	402,86
3,139291832	14,14288258	607,06
2,486162486	13,81679716	328,33
2,981881443	13,85296838	979,68
2,590094761	13,47099175	845,43
4,522901634	13,75789226	569,28
1,652730817	13,32207913	690,57
0,420190722	14,30465909	424,41
2,809913548	13,48530251	959,2
1,721779443	13,74714457	300,29
2,298667239	14,25216891	737,61
3,002344988	14,17994162	381,89
2,303003133	13,35330485	332,62
3,6894437	13,24918193	500,25
3,02571642	14,49037402	314,17
2,722399317	13,75382287	671,46
2,897424368	14,67685864	373,75
3,746140207	14,12245033	831,53
3,111513697	13,48457785	586,69
3,425574063	14,29699934	555,29
3,616709147	13,65996619	341,58
2,866465599	14,30803496	377,4
1,313250998	14,33512931	383,89
4,324196917	13,18324491	721,5
3,834265666	13,79412972	853,84
1,663079658	14,0439908	785,55
4,105496765	14,4761177	829,09
4,853460753	14,84482638	992,65
1,270959727	14,26486793	491,04
1,97308391	14,98000234	903,42
2,10675392	15,61057041	680
2,555237124	12,99201571	957,23
3,900325465	14,95177781	837,28
1,870786791	14,38227985	767,37
5,341750801	13,58295096	911,73
1,594804519	15,34819488	962,51
3,226366925	13,94861319	695,89
1,792039099	14,31740084	443,29
2,079255152	14,39868607	803,38
2,121218169	13,6065917	745,22
4,12347865	14,87795563	467,6
2,205789571	13,94169011	977,47
2,907470562	12,35940636	535,25
4,267748763	12,52997041	721,12
2,668507416	14,23625496	936,28
3,814868624	14,69988639	576,52
2,645427559	14,24224859	937,22
2,946947837	14,77179984	858,6
1,198356985	14,67091707	794,65
2,852151683	13,94418771	626,11
2,306195821	14,05922552	459,9
2,290648482	14,17014074	530,66
4,900527263	13,87434512	900,93
3,869177171	13,92665636	696,46
2,517670556	12,92817587	931,94
2,546652525	14,12879212	762,19
1,860957632	14,29964073	351,22
5,867521809	13,25110681	718,97
3,059474879	14,23642151	617,36
4,999117566	13,32655265	551,2
2,402792228	14,96393749	665,22
3,500709991	14,1417048	950,07
3,589101742	13,14214339	521,82
4,340853958	14,22150967	428,4
3,365110754	14,63605881	835,98
3,133884159	14,16288869	552,65
3,425840807	13,41736855	314,03
3,959798419	14,52121643	561,9
5,005934857	14,22374498	796,35
2,637362862	14,08429166	380,28
2,184053216	14,38174703	965,13
4,070623391	14,17201179	932,86
2,170281824	13,6420746	808,39
2,878988887	13,4675121	617,72
2,876085043	13,73383686	941,62
2,872375599	15,04291287	716,45
3,005267932	13,15958565	672,96
2,568975271	14,20268714	510,39
3,758417462	14,12475144	595,42
5,648418101	13,52190414	350,07
5,539006117	14,17400457	390,59
2,949524972	13,54359355	817,91
2,05513528	14,42083139	427,32
3,875492659	13,28008728	388,1
1,938019929	13,7957296	491,17
1,401236895	14,57159414	737,05
3,145001535	14,88850435	523,46
2,607943209	13,73885306	558,06
2,818452463	13,92486952	841,02
2,329792959	13,67960834	676,44
5,276199513	14,64900093	760,88
5,227666136	14,06895437	781,08
4,945582805	13,73166246	479,11
3,376648435	13,30927183	735,99
4,957675058	14,11170296	656,83
3,426371524	13,41577719	991,17
2,240776122	14,33722434	720,04
2,821648424	14,36080722	406,93
-0,011849138	15,05501246	725,65
3,508880249	15,19209922	743,88
5,276262617	13,90446762	391,3
2,064085493	13,84327336	963,67
5,506105382	13,4927462	748,3
3,373117473	14,15131649	592,99
2,819988855	13,59309268	396,91
4,52056524	13,64234224	331,76
3,928707878	13,91084763	973,66
3,282267249	13,63809352	545,86
4,492613711	15,16256606	701,22
2,986790385	13,59428991	507,76
3,301394834	13,48734685	565,91
3,890901924	14,99397748	763,51
1,85628955	13,7401884	412,53
4,074644289	13,74972229	488,83
4,13971004	13,97265077	329,21
2,235449935	14,13117707	989,28
3,685394355	13,65205416	876,02
4,295412817	14,59433459	362,02
2,908504492	14,19182332	763,58
4,076165992	13,5152994	585,8
4,952334975	12,97731075	904,13
3,607102448	14,50416546	574,27
3,536030868	14,09892044	370,53
1,352582725	14,18735599	385,37
3,168020059	14,56304928	364,59
2,724861655	14,2622094	639,97
4,229593751	14,56790043	359,49
2,930387807	14,27656346	797,46
3,875487031	13,8479523	438,77
3,367845739	13,939346	732,85
3,413159238	13,15898093	313,67
0,006661071	15,86117949	841,2
3,32407402	13,22610266	782,77
2,162199613	14,14989197	651,59
3,294207226	14,42208669	548,71
2,329541992	14,40070797	946,24
1,492173476	13,094939	362,6
3,286822738	14,55108485	569,62
4,293721626	13,50845304	917,65
5,837716387	13,65916032	967,95
3,256149104	14,23138523	510,88
3,387873059	13,50472144	570,6
4,318832745	13,44959797	795,03
1,518627796	14,2723012	383,14
5,618866577	13,31053317	738,69
3,613256077	14,54611047	463,27
2,45066469	14,8935092	797,57
2,492641579	12,86837538	623,52
3,217229136	14,26572853	405,97
0,525093263	14,4241596	720,92
3,272803268	14,14501599	921,46
0,371370437	13,57667375	434,07
3,174577203	13,42833502	863,85
0,930344792	13,62212761	353,62
2,273712138	14,96297131	951,22
3,029301071	14,36682098	471,45
3,355412924	13,96113002	571,47
3,199577461	13,81126138	445,61
1,590010373	14,63763344	470,61
2,902435692	13,25282082	736
2,331501731	14,48885301	301,18
2,615062437	13,55264918	361,66
3,489211447	13,32883487	989,55
3,76880792	14,84051094	556,26
2,003530347	14,37873009	395,96
1,459691778	13,90216226	450,33
4,408065431	13,29455185	502,37
3,230974592	13,51049147	656,83
3,246017495	13,31762639	795,09
2,175941567	13,71700448	765,29
2,883815948	13,99381146	741,04
6,619589337	13,66880742	779,42
2,023162147	13,90053039	400,41
5,944576068	14,06350816	816,71
2,393271303	13,44251412	893,76
3,515099295	13,48109113	897,94
1,865832211	14,28255723	958,85
2,19752301	14,13152264	581,84
3,877234372	13,56495206	424,93
4,078168799	14,62368975	805,97
0,946452292	14,44312502	369,09
1,330849731	13,42995085	546,49
4,659682828	13,16972679	497,08
1,088395918	13,89760959	331,47
1,395700256	14,84391809	770,14
1,969961194	13,62151783	886,25
1,818152905	14,99445025	748,38
3,423903608	15,26059998	801,84
3,817903355	14,0618744	896,75
3,330392803	13,80310329	824,82
1,817145359	14,04791468	963,41
2,906980013	13,28576216	581
4,103737225	14,04768325	672,35
3,624854738	14,16545184	709,07
0,779808753	14,45079165	976,78
4,585213844	14,01510257	474,37
4,438023007	14,80690868	319,39
3,171746653	13,75204775	675,37
1,511448039	14,01122931	494,31
3,114988782	14,15187813	460,57
3,841147182	15,1712922	355,26
3,473341302	13,30497719	841,49
3,719761959	14,24250465	413,07
2,015958434	14,42162916	976,95
4,028994777	13,55563937	563,02
1,258543441	14,53725584	614,48
1,437134165	14,72849009	828,43
3,8446477	13,25190064	702,91
3,885883998	14,24870441	503,97
2,841376959	12,9608317	426,34
1,995661786	12,97238084	765,81
3,826522472	14,64618615	355,4
1,826851138	14,16625521	319,87
4,303412218	14,60124288	657,19
1,848116105	14,76658797	575,66
3,901680967	15,42644819	969,81
4,960295333	14,04407043	594,31
1,750263557	14,29913273	654,64
3,646867608	12,88553595	515,89
3,014483921	13,86082362	504,91
6,368295959	14,51204613	660,76
3,708415271	14,27990567	668,9
2,33120885	13,66634525	446,12
3,367666214	13,80378477	314,78
2,727857994	14,18791705	339,54
5,324021868	14,21278175	956,84
1,288520774	13,82908627	501,81
2,795042509	13,42971324	408,47
3,028001083	13,89174706	509,45
3,591451168	14,07973197	633,26
4,966807125	13,74573041	348,67
3,438654602	13,8784217	336,37
3,42774351	14,87745659	525,07
3,585370292	14,07172114	851,91
2,858123375	14,54996132	892,21
3,675254349	14,67206817	995,31
2,976908942	13,82044276	770,43
5,144769982	13,57552329	477,36
1,948733607	12,97311058	741,34
2,609043584	13,29321195	330,74
3,673412681	13,66949908	973,64
1,88669532	13,92861853	420,41
2,931453506	13,74039519	723,85
4,789518767	13,93792987	863,27
0,755933139	14,12859816	444,07
2,722019567	14,66346682	625,04
4,175022812	13,74347504	858,11
3,524619305	14,58833176	721,03
2,987094006	13,83860385	969,77
2,229374764	13,17189882	319,83
6,485917181	13,10857891	780,94
1,710090841	14,80747842	458,04
1,423185271	13,40244096	322,53
2,25189045	15,72623469	871,28
2,166875572	12,51758606	427,87
2,011067564	13,69715733	796,38
3,724790947	13,95775041	566,32
1,942973146	14,4923261	480,25
2,019743035	13,73735252	554,61
5,657886673	13,95883876	798,23
3,021001224	14,15196885	916,91
2,280236336	13,50280636	605,25
4,733844141	13,35200418	996,22
3,182476136	14,34391568	580,72
5,085542627	13,09074924	363,08
1,271322816	13,36300516	828,84
1,509129229	13,47302206	397,41
-0,710249221	14,23764211	659,44
1,642872305	14,05838324	521,16
2,677388844	13,25176779	339,8
1,683966291	14,6830915	578
2,838804053	14,13402189	693,36
4,916672119	13,65496166	746,82
2,601895111	14,13322721	600,82
3,11445873	13,37577226	648,27
2,357567703	13,89597778	633,27
3,059454471	14,83845195	741,72
4,906465501	13,57452634	412,07
1,837307172	14,59440267	734,83
3,308859538	15,23397718	450,87
4,797839758	13,18730502	680,24
2,128033278	14,22251288	605,06
2,010218283	14,09775993	718,36
3,213579878	13,5852152	725,75
4,714007621	13,89661005	343,46
2,648650781	14,53017509	717,76
2,360956834	13,7412381	368,81
3,153022506	14,03597071	413,48
2,685324239	15,49491494	547,05
3,183426799	14,44290408	497,66
4,474371574	13,20137025	888,88
2,393034082	13,59538861	489,93
5,403046497	13,34252494	427,77
2,120305095	14,32930075	740,99
2,033787235	14,48411742	307,33
4,606118314	14,23891271	396,24
4,294194157	12,78379297	524,69
1,792101851	14,0693297	941,95
4,789945422	14,49655444	831,69
3,482290513	14,51607716	480,29
5,292480827	13,56483066	511,15
4,115223104	13,89986643	468,38
4,17322083	14,04286449	476,85
3,687696831	15,44846022	326,48
-0,496860445	14,80982217	626,91
2,985097732	13,18942411	381,29
1,642587592	14,5380265	891,84
2,484066114	13,53376261	547,85
3,742922422	13,55212285	927,52
4,023687967	14,0581119	648,95
1,393956392	14,57368693	861,18
4,485631187	13,70744707	385,62
3,523071189	14,22479232	715,52
0,887092139	14,41324679	607,22
3,358134005	14,22131499	928,06
3,22931559	14,08838424	312,74
4,324216851	14,50949327	521,52
3,654334484	13,14242391	741,98
2,903094678	14,36182288	612,05
2,595384322	15,10409359	963,15
2,74996961	13,78158706	493,43
2,225872213	14,64246452	633,06
2,689390563	13,18514311	713,09
2,250750003	14,85118715	623,58
3,229068487	13,73357557	790,38
3,808055287	14,17149878	470,97
3,250918468	13,01324408	462,88
2,963417208	13,4194473	966,49
2,773811558	13,76630096	711,74
1,314539246	14,1208226	638,62
4,312102532	14,10686272	522,16
4,504804729	12,97956484	526,79
4,368656056	14,03070135	357,42
3,853990679	13,32544161	399,35
0,437149365	14,96714174	629,72
1,520507228	14,4645918	349,9
2,99783452	14,33775767	693,73
4,307578909	13,82253779	728,95
4,541140611	13,47863799	385,74
5,511212167	14,29371812	757,34
3,459025741	13,52009813	731,51
2,315986194	14,38426908	849,47
1,65867163	13,8793619	987,71
3,604601311	13,80540624	695,51
3,232787	14,79872257	465,92
3,350374521	14,60426075	538,73
2,408071045	14,09475959	940,63
2,07914171	14,38849369	554,69
1,374701056	14,195206	932,04
2,526775952	14,29235706	698,2
1,824556385	14,06008735	349,14
2,685466978	13,65794966	922,85
-0,26275723	14,96846639	484,23
4,487152267	13,52006502	712,26
4,9638771	13,49956836	448,06
3,251960155	14,15503823	614,41
2,825063549	14,33002483	981,9
3,513596338	13,93469373	461,62
2,378181982	13,14104354	574,75
4,490366697	13,33991963	810,89
3,937690743	13,7011216	587,52
2,884985586	13,44404258	879,33
2,823272574	13,49275239	883,92
1,205197859	14,98700361	666,32
3,650886142	13,66845967	386,03
6,23326215	12,47737775	555,23
1,362509697	14,04920541	741,78
2,25816054	13,8401512	660,23
3,820995499	13,1318451	471,19
3,3405433	14,0074769	556,82
4,465108588	14,14156764	410
3,275135261	14,94008697	989,22
2,218759628	12,58296863	984,65
3,826510591	13,77724754	358,1
3,076355707	14,06146937	402,43
3,734864104	13,68156976	524,73
5,072946189	13,77664818	441,4
2,691460056	13,46219911	464,03
3,926782935	13,79342651	649,03
2,966885693	13,65847333	830,82
2,551243463	14,63540508	608,66
3,813802841	12,62517464	436,72
3,574190875	14,07838274	483,62
3,254327698	14,6225277	804,86
4,362452568	13,35962154	778,6
3,134246398	13,65417275	523,77
3,925489576	14,57369158	441,33
-0,006745537	13,04978693	783,45
1,073130877	13,7333072	462,32
3,16921458	13,91278062	471,13
4,154595666	12,24117422	983,37
2,408215379	13,41807723	803,21
3,73216085	14,49296754	763,84
4,196844664	14,41427647	872,93
4,044097018	14,06646543	343,89
3,712449018	14,87499843	331,84
2,76450656	14,96253582	892,97
3,717733577	13,59587003	631,58
4,078582462	15,22694494	924,18
2,536837077	14,12274088	923,02
3,673360275	14,06899129	481,9
3,65381087	13,20273752	465,88
2,488388649	13,69417936	567,21
3,450813008	15,89781958	458,93
3,403674997	13,65808389	442,23
4,629965155	13,23031	766,98
2,767160759	14,01343554	453,64
2,113888242	13,42547178	983,24
1,989429885	14,57710164	771,85
5,205925831	13,54818189	358,91
3,740093812	14,66784714	354,98
3,700576397	13,55514029	404,32
4,102563151	13,12087961	948,2
2,86319594	13,47162263	596,28
1,706640174	13,64638506	865,6
2,876903961	14,23200415	654,26
2,77358219	14,48237794	407,36
1,349153712	13,96151181	609
1,632254988	14,3665698	741,46
2,891241606	13,24970773	871,5
5,067451815	13,62325171	833,1
2,467357936	14,47801442	339,55
3,495486152	14,06764175	570,55
3,18925535	14,68081448	727,44
4,87898235	14,111804	359,92
2,378229721	14,06087227	859,26
7,307300619	13,16866674	303,74
0,977197126	15,29825809	583,42
3,443575679	13,92369526	680,68
4,765125579	13,53946813	675,38
2,350636077	12,64148849	904,94
1,910387795	14,57638476	859,89
3,030254446	14,04542537	928,81
2,914743788	13,90815691	338,12
1,841672649	13,63614409	704,27
6,247502219	13,19306467	344,36
0,832263728	14,26015615	872,87
2,861446793	13,46117841	855,82
2,995267593	14,67246789	564,83
1,585472454	14,84349399	890,63
-0,613472943	13,92386713	601,36
2,624375709	14,0598316	588,16
3,092633591	13,95151612	387,06
4,489191092	13,08381728	751,73
1,69601504	13,39414835	558,84
3,48782552	13,35838472	446,95
4,631268671	13,70671223	519,24
2,717468108	14,31653408	753,15
4,76726732	13,33042233	346,56
3,300509859	14,90264381	755,67
4,5518438	13,44699729	545,91
2,731807132	14,11156094	786,58
4,991962639	13,79123479	633,15
1,279175454	13,65765339	941,9
4,544003903	14,08151527	565,71
5,69705513	14,46406428	792,54
2,702960249	13,65018363	955,12
1,960516199	14,81550021	783,44
3,887493021	14,0265918	978,48
2,626043942	13,68318087	759,79
1,562624688	13,67426554	616,35
2,481035089	14,45667574	812,23
4,030043906	14,63413017	331,79
2,425241626	13,53864397	914,81
1,118147596	14,63045712	918
2,431275375	14,34200269	952,06
2,28041294	13,17813795	985,69
1,976392905	14,05916972	818,62
2,406443429	13,7794208	691,21
2,084578913	15,84504105	523,73
4,627945891	13,78976811	731,09
2,880564666	12,77295944	435,74
4,094983949	13,204349	985,89
3,180949903	14,45107753	585,8
0,862885471	14,34483544	777,35
3,989649623	13,75525097	737,92
3,089285125	13,55146231	978,54
3,584213835	14,92115215	569,65
3,160720365	13,71270779	660,92
3,532621131	15,01505871	710,67
5,391556054	14,00555445	769,38
3,226800681	13,83054251	743,8
1,883296224	14,07199547	977,53
3,477988683	13,77101732	450,5
4,946395475	13,31733565	789,15
2,945829016	13,83596751	860,04
1,396211538	13,32711026	347,8
3,574503971	13,93222989	768,3
0,663538908	14,86251022	494,55
2,647608121	14,09166132	657,27
4,086610256	12,77448824	313,07
3,590931214	13,17205354	539,59
4,546610427	14,09484	954,59
3,395754409	13,04885101	693,04
1,884657624	13,77848522	964,49
3,816359017	14,35001151	333,48
1,369234905	13,94411699	679,72
2,683989471	13,4117371	827,16
3,822312195	13,6141879	722,76
2,762636541	15,11494829	546,36
2,89708876	14,21006721	869,5
3,824206161	14,02271585	878,89
2,59231902	15,16586177	644,7
2,675041239	14,83811279	452,4
3,363761432	14,24076034	854,86
2,658174126	13,76831536	347,42
3,129112325	12,65764345	522,73
3,058824677	14,36892677	839,77
4,063926484	13,82646189	335,32
1,047986181	13,78140408	687,36
0,727963971	14,9634516	960,58
4,239991787	13,62727971	366,46
3,774030774	13,26739671	658,77
3,224161265	13,97304029	518,54
3,268245672	13,6714741	626,49
1,887087332	14,53546134	503,32
0,101159647	14,63289496	813,31
2,893551421	13,8825674	502,09
2,845249878	14,37907055	306,89
3,966716351	13,83731742	829,79
2,170781318	14,65447041	694,83
4,368163236	13,06131664	854,3
0,075146114	13,75586702	480,69
1,573262825	14,03590008	772,14
4,019924136	13,74815972	328,01
3,337638956	14,24400541	405,36
3,419238787	15,61059282	574,26
3,476809114	15,364507	854,34
2,812770352	13,95353042	708,8
4,149618116	13,84017136	845,56
4,383855634	13,91627142	363,9
2,331957452	13,93423332	655,97
1,810602781	14,26810029	753,52
2,935104721	14,04558774	894,7
3,860501039	14,72801178	663,22
5,320394496	13,69095145	516,99
0,78752262	14,95099973	584,55
1,695122794	13,95082346	445,99
1,81910204	16,03074177	871,22
3,160066327	13,73030077	957,06
1,971293939	14,05143975	648,21
-0,632707165	13,79012986	869,62
1,99932935	14,38281601	586,73
1,829186109	13,30804635	546,89
4,379103771	14,94677108	314,5
1,911519715	14,7881891	723,15
4,510297927	13,0175482	818,96
3,991834482	14,5085071	890,01
1,755267321	13,8485939	455,77
2,633713781	13,94811737	471,2
2,14850238	14,64263754	650,89
0,529037313	14,24199117	326,49
2,639875045	14,57140033	908,86
2,925602994	14,35377902	339,75
2,921717046	14,41442016	808,32
3,324462682	14,16406496	598,57
3,460639813	14,64888255	720,34
0,423200524	15,47309697	740,07
4,838300309	13,50974742	950,64
4,425024979	13,78311822	745,84
2,456696413	13,93262108	938,55
1,962460069	13,44735054	736,31
3,452961752	14,73381528	589,77
4,458088844	14,05204217	672,2
3,776471363	14,69627192	645,88
2,672414278	13,56848444	897,59
2,825588652	14,44626903	975,03
2,797784842	14,6924978	707,63
1,970836063	13,51413519	404,54
3,455465372	13,85415362	350,17
2,493786901	14,35932935	791,38
2,775402239	13,10030517	363,21
1,956972028	14,90159835	643,93
3,378466743	13,97773719	440,79
4,794342401	13,81020611	982,26
3,309091699	14,16311453	600,41
3,863779115	14,62692872	674,27
3,917762546	14,82360511	561,17
2,87141055	14,15131646	783,68
1,266357559	14,21319532	794,18
6,250535451	13,48079706	869,7
3,816615249	14,42712958	953,92
2,515839446	13,96396595	343,89
3,450684385	14,62785225	375,61
4,173664685	13,70214954	539,7
3,10154911	13,60524795	826,83
3,325320144	14,44519987	341,15
0,58522815	13,17736329	301,17
2,435086568	13,09229324	581,33
2,757341223	14,38401017	890,72
3,519782141	14,32384414	408,14
2,375033046	12,98122062	682,93
4,394186808	13,09622415	870,71
3,099720581	13,96106785	725,34
3,837697886	14,49952825	847,12
3,691859676	11,85497823	794,7
5,142504297	14,01964951	583,14
1,798300631	14,49276444	775,95
1,629608586	15,33917818	692,8
2,142226673	13,92350919	369,29
4,061093703	14,68986612	478,53
4,228293361	12,90222822	636,31
2,215774316	14,6534353	402,99
3,727675268	13,98918749	521,42
0,923744086	14,16277736	592,89
3,246499014	14,60723141	876,55
2,532521788	13,74272504	725,89
2,822818024	14,87543584	550,6
2,290982534	14,76256541	324,2
4,643993627	12,50601514	923,06
1,908347683	14,59474077	313,46
1,266206558	13,44351512	602,22
3,190436741	13,16707656	334,47
3,953292145	14,63372619	680,59
3,071890617	14,95964672	695,19
1,110992705	14,47423684	989,47
1,294681699	13,40527853	970,48
0,688690527	14,51655586	515,9
0,281387868	14,59030905	798,55
2,648971533	13,85236712	424,97
3,464735435	14,70107233	398,71
1,959318947	13,55884104	600,92
1,28859947	14,48792684	814,8
3,842513635	12,86213355	385,69
1,323970732	14,18686611	866,4
3,062640219	13,26492506	682,36
2,704412071	13,33183226	615,73
4,149377446	13,7863387	405,89
3,958735245	13,08090501	716,02
5,43636177	12,62438085	957,26
1,934357648	14,39002638	384,15
3,90282363	14,30020981	779,78
3,186715465	14,50534263	750,06
3,972382901	14,28265819	498,22
5,040613545	13,97463582	599,56
2,825396017	14,19237432	619,35
1,612494358	13,77503119	981,2
3,386546968	13,93279271	745,1
3,035812069	12,97488863	571,09
2,017665553	14,95432467	862,74
3,899698325	13,17255924	896,34
2,436803996	13,99495334	363,69
1,47464005	13,03122525	734,44
3,766008424	15,33771313	644,33
3,84977104	13,7121662	346,41
4,308523379	13,53839629	685,57
3,408973205	12,51329892	692,07
3,065547778	13,39427135	883,49
2,802285904	13,47364564	882,91
2,742073128	14,11606652	888,57
2,572429251	14,25570042	498,44
4,710197869	13,79228213	430,75
4,185979927	13,72627127	671,75
4,097641274	15,37149757	695,45
3,380067659	14,24329002	379,08
2,774162103	14,92165208	619,25
4,124999127	13,78409146	717,18
3,199024828	14,51225214	826,75
4,835493963	14,79058725	644,16
2,778067641	13,09063125	875,15
4,09366527	13,30373334	990,25
5,056862037	11,85679985	801,33
2,263741798	14,66465862	814,83
3,974086186	13,93345308	607,72
4,904967317	13,50473387	404,16
3,441708934	13,4327008	788,96
3,47740284	14,85849709	337,47
3,535253843	13,33644494	850,57
2,999572861	14,32691966	593,55
2,711882303	14,11126662	354,91
3,896414015	14,72356003	795,69
3,933237467	14,45610133	885,01
3,677655125	13,5121967	562,77
3,524806797	14,25018297	930,12
3,179910054	14,39286118	574,81
1,988260399	13,54479089	334,31
1,212560665	13,08760242	678,84
5,651298405	14,93221191	535,95
1,751372347	14,2098921	399,07
2,888302167	13,60203605	592,03
2,219129755	13,03612378	658,44
2,379191703	14,50391111	439,71
3,046080739	14,72975135	598,22
0,799186409	13,3528199	617,18
-0,097657335	13,6729486	807,26
4,879177134	13,15670353	620,91
5,928324808	12,72826899	363,78
2,032472192	14,27825572	908,81
3,571395718	13,64210381	917,45
3,743243125	13,68737008	627,04
2,534709987	13,73146253	821,84
1,081930737	14,22601296	678,44
2,920507261	13,41752092	894,77
4,85773837	11,39164864	397,31
1,992761088	13,55937577	626,23
0,575322796	14,49343503	452,03
1,80624508	14,0625073	518,94
2,685866397	14,39203493	898,97
3,398415596	14,5150379	487,77
1,464600512	14,41480485	343,63
2,088981039	14,43518003	385,62
3,399873079	13,92046806	580,54
4,451073339	14,5723638	768,44
3,451522511	13,80918687	922,81
1,341596999	14,65279773	541,08
2,813469344	14,50000009	626,64
2,492252294	13,71871593	386,73
1,58177039	14,55502666	654,26
4,162749064	13,54923479	534,91
4,344004921	14,1912946	718,8
4,628695926	14,47798102	560,73
4,035176084	13,9425098	367,7
3,244994021	13,37699353	921,5
3,45016311	14,02635288	905,7
3,226439596	14,72880806	448,21
3,807543063	13,49009419	879,37
2,363590011	14,23420491	699,44
3,620974511	14,60331404	940,06
3,179272678	13,61800719	571,96
2,536914004	14,21812419	782,55
3,147584636	12,95993894	678,51
3,38089633	14,28284163	889,92
2,147058061	14,27400373	313,66
2,519280309	15,02091577	475,4
1,667164197	14,50215453	844,86
3,765767503	13,76590225	729,09
2,863532019	14,52586312	975,42
3,980940145	14,22646877	399,61
1,803122063	14,09902352	354
5,783773162	14,52171614	373,25
4,142467803	13,69008089	448,08
3,563602796	14,19105271	690,13
3,134306897	13,67062594	712,05
0,333768358	13,68072129	304,04
3,260803643	13,56235746	412,45
3,267573712	14,6539358	342,27
2,204543239	13,80013463	647,24
0,488534501	13,9962851	932,89
4,657014499	13,32029195	522,13
1,492425477	13,49801957	789,88
0,700827234	14,7231664	915,39
3,410819508	13,21535947	405,14
4,071770196	13,14312819	679,1
2,002812546	13,99094596	462,82
1,286557826	13,88805481	888,75
2,135230671	12,76958636	799,86
3,489459073	13,38344169	790,9
5,30779847	13,73199678	374,75
4,393196836	13,47112899	705,45
1,817754485	14,23468466	995,87
4,802276914	12,83639967	854,54
3,598392877	15,07399017	873,02
3,221955112	14,09796838	942,14
1,466304265	13,98444902	929,15
1,669398318	14,76523204	909,07
2,158184028	13,29236102	509,49
3,529855521	14,07997472	478,68
1,731304886	14,81461424	545,71
4,541140361	12,37790273	437,92
4,497032908	13,14536563	570,49
5,318426453	14,19655483	658,56
4,806169552	13,4650979	852,89
2,304823607	14,03834923	577,49
3,030699375	14,672414	708,45
3,613401673	13,4151069	546,79
4,117006283	14,03658283	685,45
1,984443527	14,32911255	647,95
2,735316738	14,40614265	934,19
3,613491363	13,64787375	554,88
3,735530199	12,79093732	503,93
1,300059853	13,19432442	587,69
2,169206524	13,65951851	869,03
3,104139876	13,09907643	365,11
3,170296907	13,75814116	671,97
3,144225444	12,98911188	687,84
2,744629344	13,53775702	638,96
3,526081777	14,02395524	984,15
2,081179282	14,1037066	301,72
1,562347138	14,34860974	828,79
-0,052824015	14,72030168	789,22
1,35156209	13,20927927	830,61
2,395237677	13,5727317	873,38
1,569410487	14,06595567	359,13
2,037123137	13,99753816	347,59
1,637048736	15,19922925	607,89
2,325288201	13,46143353	719,57
2,386239154	14,22698099	647,98
3,527819491	14,11004136	859,47
3,184229944	13,97951084	304,5
2,387126632	13,63833741	549,97
2,25179227	13,73967178	436,39
1,053755237	13,96970788	718,56
3,89220089	14,73488961	570,36
4,084464593	12,70465817	557,48
2,214991564	15,48647927	583,93
2,95137546	14,14870123	481,01
3,141508833	14,11481225	336,34
4,544719326	13,52595911	851,22
0,902922562	13,55217226	686,13
2,600783125	13,47820163	454,38
2,198569078	14,21658706	606,94
1,973222309	13,5340647	334,17
3,027052129	13,43208084	935,48
4,897437217	14,41899932	595,64
1,434932555	14,68955028	350,17
2,993795352	13,7496292	692,83
2,119512836	14,72319119	334,92
4,025156163	12,57480253	890,11
3,975549828	13,33774192	665,86
3,181927755	13,07682555	777,14
3,369849139	14,30004822	513,88
3,731000959	13,40440939	385,89
2,180304849	14,15082777	587,37
2,148443121	13,57989536	370,05
3,252697716	13,81133787	809,23
2,568997906	13,9156865	536,22
3,996322084	12,62913488	758,39
5,347946992	13,59002029	953,53
0,926011885	14,61049531	977,11
2,019724344	14,77136945	595,99
2,351854219	13,4766413	816,79
2,205949664	14,2674903	964,71
0,759220264	14,15289701	808,05
4,435301856	13,71861972	687,09
2,063922326	14,26055669	736,97
3,574302082	13,67854479	574,41
5,305488503	13,00431744	609,93
2,061969836	14,89951635	979,15
1,624436051	14,33924315	965,94
3,836125361	14,94739145	456,16
3,2069426	12,92301273	344,37
3,272213488	13,17329387	328,93
3,847950628	14,09117656	980,42
2,913527785	13,73495752	803,9
0,933226753	14,32588184	331,94
3,230273946	13,64286958	820,2
2,741771401	13,94162382	506,73
4,034476115	13,1922352	642,65
2,734006514	14,03919499	546,09
3,759098946	14,46237946	554,97
2,621490905	14,29755835	749,84
1,169517835	13,9851167	971,86
2,756915042	13,30420763	946,24
2,477023952	14,27696395	990,14
3,460328115	14,51665151	524,93
3,39091115	14,12099214	476,32
4,580944403	13,77129061	619,61
1,377835159	13,83030812	548,07
2,349488929	14,30889198	444,28
5,589348759	13,92203249	914,64
2,65929068	14,54918889	645,79
3,195500023	13,86426564	786,72
4,882038353	13,81830448	801,8
2,080541977	14,11129565	501,31
3,574116795	13,71520682	620,07
3,928020105	13,32803159	668,78
3,578763094	14,4136505	602,93
2,934902607	13,66367285	832,24
2,779821011	14,86743609	793,2
5,719979203	14,45452565	640,97
2,476079338	14,63649588	703,5
1,564396506	14,18015546	342,07
4,939166149	14,17636596	616,72
2,804197366	12,56607035	992,68
4,078882901	13,93820076	802,16
2,989212328	14,32267632	553,76
1,731882997	13,96230956	728,89
1,998518118	14,2505862	455,88
0,573108726	14,29081695	757,92
1,584613804	12,80498066	433,93
3,20704276	14,78613833	422,01
3,193154346	13,35856295	770,91
4,139540487	14,58137544	425,36
3,821386291	13,7750213	928,92
0,406518992	13,34151779	989,26
0,553209475	15,07723541	642,09
1,574698895	13,95830041	720,66
3,569359554	13,69001022	372,6
3,734223259	13,94199714	650,49
5,133343618	13,86572508	598,41
5,663259212	13,54729749	744,29
2,562296545	13,96030336	703,73
3,042350841	12,9597336	530,27
3,440297576	14,2836318	393,71
2,464975065	13,25197758	722,04
2,167145816	14,59818315	742,5
2,082028787	12,12334009	582,83
2,479882171	13,50133819	310,77
4,362853199	14,6608656	300,79
2,936628754	13,37556649	365,01
3,238249026	14,61703159	813,34
2,8681375	13,65649215	775,33
2,496952868	13,8775214	415,95
3,024309923	14,41031399	930,63
1,247334652	14,73463908	441,06
16,68358558	9,048971808	414,81
18,79345329	9,689926144	404
20,66159509	7,849187457	653,5
18,76451066	9,556126326	565,45
19,27872149	8,195551413	353,23
16,730049	8,644377226	723,36
16,86902763	8,857818144	413,61
17,78250785	8,400174012	369,65
18,37959154	9,053825558	694,18
19,03780186	8,757779567	440,97
16,88772693	9,172951441	691,27
17,66972828	9,28460536	829,63
19,43234498	9,36531824	936,81
18,88019691	8,862907333	857,56
18,87872221	8,94137299	636,07
17,63443305	9,31771474	863,71
18,18832392	9,532820975	475,55
17,7554853	9,334416623	949,65
18,34731144	9,543787571	439,9
19,09062939	9,198336918	356,36
16,79474567	8,954674454	527,28
18,66026742	7,839310622	993,08
17,65004048	9,500909976	658,96
16,63951393	8,776687671	371,83
18,59595117	8,822150994	668,11
18,70723927	8,255900087	878,69
17,71291367	9,605535041	339,55
18,0143061	9,629650491	426,41
19,32359334	8,135606157	781,38
16,09048245	10,13701177	803,59
15,75061555	9,739960232	426,07
17,69104085	8,450919323	789,08
16,35009368	9,102573711	468,29
20,16966602	9,893767812	772,2
18,51332648	9,064659112	941,85
19,62346539	8,901467552	662,16
16,84186583	9,33634609	672,13
15,37787903	8,741319861	375,7
16,66248385	8,650945245	355,63
16,10515084	9,108045236	308,6
16,39869752	8,766925916	615,28
18,95416141	9,809510799	772,46
16,60835247	8,995612127	744,11
17,93755885	9,332446404	979,71
16,62031329	8,352269381	367,93
17,23710328	9,619861642	926,5
18,23967985	8,622512755	594,02
18,90276949	9,451286744	803,82
19,53970999	8,732249193	492,51
18,05167488	8,696484361	355,12
17,7541156	9,242178929	814,65
18,4404608	9,287177054	639,47
19,77613104	8,421663829	457,06
17,9071905	9,158813543	703,19
17,67739607	9,617715996	679,77
20,12710727	9,82953211	574,96
16,62861949	8,456109306	842,01
17,52819913	9,259907696	833,58
18,620975	8,12987677	506,88
19,5745157	8,964191204	670,49
17,09332771	7,500436569	774,02
17,14256641	9,353616596	538,11
18,30096889	9,85734352	467,4
17,31589864	9,078582261	582,06
19,54634511	7,342505747	811,96
16,88717388	9,354779432	812,96
21,19781138	7,982716612	530,76
16,78664588	9,257928379	917,88
20,78823879	8,871243517	586,59
17,7349712	8,380330366	404,35
18,50658277	8,613323451	667,06
17,52247991	8,957434278	543,93
19,08541572	8,473021052	827,77
16,40967756	9,863522236	877,95
19,45130726	8,170209099	927,79
16,96259964	9,048345184	315,41
18,78737929	9,180545635	616,22
20,52203841	9,915668027	354,16
17,95275622	9,943133557	738,5
17,62726948	9,041617245	403,75
19,00246863	9,592560848	511,09
18,82125332	7,690267354	393,11
19,47817566	8,766485511	681,27
16,45269602	8,544481666	562,16
19,30911613	8,027697861	468,4
16,90917746	8,806612304	315,54
16,8644606	10,23574627	562,36
17,48491843	8,895760258	892,56
17,07986587	9,8346518	647,64
15,31684767	10,13204611	933,37
18,45959697	8,931867983	973,65
20,37880031	8,602873738	916,5
17,7877252	8,618337789	751,06
16,99398973	7,540660357	963,62
17,18828324	10,48831161	327,65
20,15658018	9,662431925	435,49
17,1863385	9,089708428	326,83
18,15293935	8,444933145	649,42
18,14843162	9,067085171	500,51
15,03902996	10,00440505	965,66
19,13530498	8,761406724	889,01
17,66548085	9,459464418	520,3
17,76513698	9,785257848	662,13
20,50123894	8,460369372	367,45
17,38394648	9,420049432	700,34
17,38660166	8,866665038	537,21
17,09648082	9,313748208	961,76
19,68320729	8,652495503	821,55
18,56070065	8,829677117	789,7
20,92315713	7,730685935	421,51
18,17799305	8,030115576	603,47
19,49808868	8,441148372	680,95
16,82283875	9,822595675	920,88
17,5595202	8,662072121	404,63
18,74854234	10,4417976	632,5
19,44102681	8,886177319	826,6
17,6984418	9,709048589	375,21
18,65196386	7,94645046	618,37
17,773453	9,040501106	799,21
17,03955088	9,687335573	864
17,70105918	9,706936666	567,28
17,3071666	9,528504172	760,02
17,51130612	9,79216412	971,82
17,58364725	9,210630449	372,85
19,21091905	9,388444195	482,57
18,31345099	9,200817334	713,36
18,13567439	7,854396812	740,73
17,63412054	9,256117211	943,57
20,16136014	9,615960492	478,22
16,91854624	8,669784764	728,65
20,39426158	8,611179847	977,99
18,77050083	8,881217518	602,94
17,75772687	8,445520778	997,95
18,71720903	8,821522381	532,33
17,40353685	8,110494235	820,88
18,86406211	9,509394419	889,25
17,00332814	8,36019261	777,18
18,81315653	8,134524246	570,75
17,99689145	9,155994123	510,74
15,15318753	10,60882729	993,31
18,51741462	8,726417827	755,41
18,19109526	7,93317115	423,45
19,03473879	9,047041934	583,65
20,45247893	8,347671308	643,86
17,03221391	10,26976593	525,2
19,23686234	9,123638877	502,23
17,10412166	8,928776329	572,33
16,21579098	8,714033593	913,28
20,27086928	7,987359878	823,79
18,50151689	9,155115783	659,81
17,73692897	8,768224241	730,87
20,35010118	7,607950007	630,44
17,78950814	8,502915136	563,83
15,90912195	8,661364437	681,77
18,44244277	8,822232742	404,01
17,31447462	9,005564702	790,28
18,30730502	9,384770165	616,43
20,09026903	8,803563849	375,56
19,18539884	9,310318311	768,5
16,34212043	10,64454539	681,53
18,6724114	9,552988088	827,49
20,69911143	8,628271496	813,78
18,5874956	9,53116889	511,96
19,76767498	9,547530385	531,68
17,21082997	9,656180796	740,27
17,16656702	9,026525555	412,02
18,78561314	9,616333502	818,31
18,83912776	8,283821466	618,53
16,87833802	9,260886721	412,36
19,77057012	8,028083527	881,1
19,46769991	8,507569974	883,81
16,91168909	9,100027094	334,56
16,04843511	8,928325885	951,68
19,18517979	9,779327526	349,09
18,6590419	8,633680134	527,09
17,24427946	8,969307907	786,82
19,83909516	9,291226284	495,69
16,80910206	8,443568052	556,69
20,34703576	8,674006389	823,3
18,7937538	8,667659573	334,41
19,55835415	8,239157608	783,82
20,72897289	8,87043631	865,46
17,15779521	9,037748619	980,83
17,68859375	8,720476926	347,26
17,19569605	9,101590423	761,13
15,82105672	9,465574107	597,37
17,71069094	9,202337532	324,4
19,43152038	8,784924744	408,38
18,28769834	7,949167598	853,72
19,36537992	8,94977907	599,18
18,71685613	9,058498885	362,24
16,6444286	9,282444533	440,95
19,57882386	7,448178384	880,3
17,71114496	8,539454259	778,96
17,01066002	9,327958242	484,24
19,75533011	9,749312512	514
16,54468504	9,2373534	877,15
17,62994324	8,898293179	821,35
19,94930095	9,267283489	967,62
18,33140385	9,193347002	439,42
18,52388286	8,367936866	376,33
19,06384448	9,312648777	573,45
19,66421697	9,441294068	440,38
16,45038466	8,871019081	606,38
18,60070549	9,35882428	616,39
17,13944417	8,609465296	945,31
16,74962685	10,4253561	818,61
18,51157678	8,249754488	765,91
19,09240181	8,48605884	776,08
20,01144294	8,601069079	639,63
17,3968173	8,574572941	396,43
17,02634094	8,775927643	536,72
17,15659716	8,669017712	929,72
20,25529276	8,837832992	608,19
17,3560834	9,566098597	450,71
20,22905857	8,158023958	599,34
18,03358504	9,709184166	838,83
18,22373488	9,576947969	664,5
16,78114443	9,888125269	670
18,52905086	9,286054389	949,86
16,32716501	9,362658281	828,38
17,40168117	9,241375221	928,15
19,37488614	9,579595663	637,21
17,76400588	9,747556611	454,5
18,53865225	9,435158549	589,65
19,08879133	8,425959799	444,61
15,97583622	9,631273378	975,09
18,08864134	8,714725935	315,67
16,90248671	8,886858866	401,53
19,31959649	8,277749951	491,67
18,87134157	7,871031633	836,93
18,50011	9,452511337	398,8
17,41427508	8,937392294	557,02
19,24133204	9,048971736	970,06
17,16776795	8,176300318	451,23
17,76334317	8,289072599	532,65
16,27482956	8,715846237	505,52
16,23730288	8,852768535	708,7
17,5059741	8,153402277	310,51
17,06370388	9,187169647	958,36
19,61387625	8,378292497	473,45
19,13908189	8,504961684	631,93
19,11588316	9,841492196	783,74
16,05691575	9,593890863	957,66
18,76923237	8,719855292	841,69
19,61829541	8,569598608	905,32
17,37694183	10,08028697	446,43
15,57381451	10,22938757	649,33
16,84277161	9,646529959	810,04
15,35296963	9,139280401	720,33
17,33383854	9,209930634	893,13
17,83664023	7,973186438	699,51
18,89592358	8,645279162	773,11
17,56810865	8,122707285	508,82
18,32969446	9,055971804	748,17
17,29044484	10,13648307	961,79
18,85947066	9,193531631	361,39
18,15574382	9,482102779	424,35
18,12515982	8,487607194	513,94
17,00528165	9,734988628	513,37
20,19907436	9,444213805	985,23
16,58909586	9,39961899	457,86
18,2106309	9,419376046	464,24
15,76270574	10,24313522	392,47
17,46777253	9,044463289	681,46
17,27700383	9,520236831	710,14
16,4697973	8,363178157	377,83
18,02424568	8,397054037	704,05
16,03596799	9,281583414	658,2
18,65000674	7,584608476	660,08
16,57900923	9,532052215	806,45
17,83480696	9,496063245	815,07
18,70691812	9,161514896	609,77
17,98555449	8,971323763	779,23
17,82079613	9,254671213	564,72
19,32046342	9,647816489	636,69
19,0636791	9,141988863	537,55
17,38385865	9,514822193	801,79
16,67201323	8,859721288	544,94
16,85178976	8,951670177	772,96
16,37832932	8,628279893	822,31
19,38648576	9,160882484	684,07
17,95940208	8,785215828	418,28
17,70743116	8,437729984	490,03
17,81550167	8,48094202	825,11
18,06403671	8,550436892	939,75
17,36865971	9,126217436	798,94
19,03674957	8,518516173	853,02
17,96639265	7,808561871	950,23
18,29670058	8,900626039	580,23
20,29292098	9,425139185	333,98
18,9098527	8,459279742	747,75
20,75820694	8,816305022	964,03
17,30157684	8,691281258	729,66
18,73085482	9,230647665	702,01
16,62132663	8,761227177	715,71
16,5955652	9,092485158	357,31
17,53248997	10,05031597	329
19,13288213	9,038351793	896,89
19,66787602	8,373125948	820,2
17,87510857	9,779031331	564,46
17,68179004	8,597481469	351,18
16,49985758	9,254593467	506,66
17,21131413	9,24674413	928,85
18,20363138	9,240051996	774,36
17,49513652	10,26097934	976,49
17,01079391	9,283708238	771,77
16,26474156	9,742377513	585,85
18,8458501	8,528018502	341,93
17,18922615	10,42247779	464,47
16,94153291	8,780475779	347,95
18,45816433	8,719507641	504,57
19,27397682	8,725132201	469,67
17,9759924	8,487977873	474,05
18,25841384	10,1348119	327,56
19,74547342	8,934515716	591,07
18,63112043	8,233587558	580,42
18,15611991	8,600288843	342,11
18,67988044	8,787739761	986,26
17,67694226	8,62252886	554,88
17,52911148	9,247037526	584,42
18,33107617	8,385188452	355,02
18,35680509	8,120343145	457,49
17,34424493	8,74151126	303,91
18,04386647	8,553257382	553,07
18,42835455	8,592666749	949,89
18,77678309	8,229401363	857,34
18,80676742	7,605775239	375,18
20,56184018	8,439255796	979,73
15,56301211	9,462641567	912,84
18,05008456	10,2168882	694
18,5718737	7,147992481	669,46
18,20454601	8,608541166	949,85
16,62522569	9,366575873	817,35
18,09264265	9,416281428	405,39
18,08873411	8,876966741	668,34
17,89850545	8,40644491	347,89
16,90763988	9,126589742	548,52
18,43229892	9,45654995	805,74
17,105268	9,31329569	446,24
19,05185283	8,757336585	342,65
19,90067044	8,444933942	924,87
16,06785641	10,29364165	648,72
15,97794416	8,946171377	591,27
17,72751955	9,570847879	483,97
17,44984484	8,247053788	604,04
18,66221819	8,344011185	830,71
19,33792219	9,120786901	874,1
19,17934106	8,755246345	737,72
17,37189179	9,218884949	375,08
17,74546945	8,914725221	497,3
18,52521672	8,308396613	917,1
18,12664515	9,104826761	572,97
18,44560488	9,6748624	711,05
17,39924314	8,275298508	384,79
16,95208366	10,11396757	994,8
19,43933213	8,657506234	402,87
17,807071	9,346819316	758,41
18,92259697	9,045498011	529,41
18,40387947	9,357135723	392,6
17,92524176	9,701275565	711,15
18,06640197	9,011442881	349,99
16,195746	8,994999059	627,63
17,82286821	9,631741873	351,65
18,75667062	8,569948953	387,08
19,54890107	8,770722327	378,65
18,73915081	9,172788231	998,39
20,02997663	9,976408403	692
17,73249292	8,05225119	991,43
19,24665712	9,356948615	470,7
17,92949368	9,315427547	597,82
15,10308541	10,03612799	562,67
16,34563564	8,701822842	651,99
19,15998443	9,348512346	414,8
19,32032476	7,804823436	940,29
17,2373184	9,295901319	784,54
15,25416968	8,971292901	946,53
18,46333925	9,400990294	800,98
19,05639973	9,084769858	616,59
16,4601373	7,947516963	410,84
16,97409851	9,391809095	768,93
19,127594	8,467464782	863,47
17,3589163	9,431181769	946,96
19,70275647	8,871349594	858,57
17,99005735	9,449821755	886,3
18,91654192	8,711590753	416,45
18,41162262	9,92558317	863,62
16,79909872	9,625101396	489,23
18,21922708	8,333398899	733,49
19,47491109	9,364066424	940,49
18,51727058	10,67128509	338,18
16,41831391	9,124412007	401,92
21,43657711	8,208119226	788,16
17,85951914	9,061714893	868,35
17,80629895	9,090625183	756,26
19,11735717	9,447409249	309,78
17,6785216	8,929480116	353,14
17,32631332	9,205032868	680,31
20,04548938	8,108152197	928,34
17,1656636	8,697220195	353,67
17,3280835	9,779236523	840,03
16,61729678	9,089378053	354,45
18,13282663	8,251135693	703,33
19,01150028	8,201777345	830,26
19,1440106	8,248333732	534,75
17,31102426	9,22222722	604,48
17,31550542	8,275762263	864,48
16,70025081	8,94315485	413,11
18,17125312	8,434934694	536,26
17,05959518	8,663952501	632,06
15,13421682	9,060276333	632,95
18,90764055	9,138117872	740,9
18,26543621	8,348715601	987,82
17,71208214	10,96162551	578,61
17,94049225	7,575496878	332,17
17,04982212	9,795064029	472,46
16,94136044	9,020615155	380,51
16,38774299	8,779942001	499,02
16,84809136	8,740835219	584,45
17,33101999	8,784725889	785,99
18,197471	9,393314663	560,52
19,16527477	8,939304747	648,31
15,04587568	9,587092885	748,31
17,06037268	8,283706865	968,94
19,11919504	8,150376623	924,76
17,20282324	9,291175048	600,63
19,59710485	8,006294929	613,96
17,94673686	8,876086157	622,61
15,27483817	9,155014494	726,99
17,46085968	8,921477038	643
18,43359322	8,710999341	388,58
15,94109616	9,062745083	306,39
18,13372235	9,254742077	839,62
17,23762948	9,443886282	496,33
19,79136111	8,532642569	675,87
17,89384835	9,693254002	308,69
19,02228741	8,732408073	995,64
18,50798381	9,273350012	885,09
16,6168376	9,032269655	724,9
16,52154488	9,035652271	450,26
15,52117866	9,150790729	914,33
18,7984157	9,948951076	995,15
19,63937481	8,742674744	429,04
14,76907169	8,838122965	959,27
17,10505178	9,18420742	667,9
16,88394963	9,549543718	358,24
16,88984528	8,628745786	314,54
18,71421481	9,500857043	579,81
17,1139645	9,487343746	891,71
17,56711305	8,856546945	863,75
18,34816231	9,212405173	309,77
18,12490501	9,192708198	689,57
18,31259291	9,13838018	428,01
18,26284135	9,787004141	852,3
17,56002321	8,727009095	815,01
19,09760386	8,602905412	873,04
17,89409247	9,49452637	327,05
17,34258147	8,760150354	679,78
15,90587645	9,470852466	793,14
18,93361619	9,219956119	561,88
16,9899665	9,486133902	376,88
19,04663298	9,037686758	600,74
17,46601189	9,234714087	633,67
19,31036844	7,179830248	989,64
18,83008411	8,074573805	673,2
18,16350632	9,434403305	940,43
18,04849942	8,91198654	730,85
17,62290349	9,500241421	984,06
19,80422822	7,724448858	396,56
19,39160777	8,528847599	431,3
17,66203992	8,065995337	301,85
18,62100941	8,646672428	870,84
17,90632424	8,623299245	981,25
20,33657417	8,68571565	690,46
19,41244187	8,944399949	500,45
16,39248027	9,750946438	792,69
18,09405316	9,057429285	380,08
17,44864353	10,15945924	388,45
17,50711756	7,70735561	619,86
18,81271696	8,039263677	924,84
19,49113545	7,734658906	837,89
18,76337813	9,725358718	766,46
17,3832433	9,136704596	536,68
18,59023789	8,543316778	594,21
17,87029882	9,069096853	945,6
19,10552013	8,76772551	444,89
16,21062839	7,909717228	717,46
17,43768266	8,790796675	909,5
16,91246204	8,568203264	791,87
17,16755847	9,81991455	303,01
17,53951246	8,139642613	663,16
16,79839026	10,09387387	423,75
19,56235359	9,66580569	478,9
18,57306112	8,379571923	894,2
15,13971878	9,04407522	852,93
16,19279909	8,450606112	515,41
17,19574752	8,566241979	352,22
18,73595407	8,895973874	707,94
17,84016773	8,260070305	489,5
16,66715114	9,3921831	988,07
17,3150174	8,326555134	526,97
17,29470664	8,992974503	922,47
17,81402734	8,964273578	996,69
18,44794801	9,749271542	399,25
17,96609351	8,669999439	596,24
19,51106212	9,108125442	459,23
17,34345519	9,121125118	870,02
18,49264278	8,914490073	407,29
17,94308071	9,703707805	918,19
20,32633889	8,743019058	379,57
17,91865217	9,306313076	876,37
18,31955575	9,348470285	991,28
16,27744006	8,744852575	391,19
19,09632894	8,88665264	342,91
18,21572844	10,16768234	723,71
19,00831981	8,687061795	425
20,98247966	7,323888398	687,08
17,86367288	9,57367154	803,95
19,07239436	9,428410964	368,93
19,09389624	8,794046135	715,55
17,45707413	8,651017626	686,09
16,17973381	9,980471423	641,73
16,21824958	9,622207682	969,21
18,28175536	8,734579741	415,29
18,77253981	8,73692316	508,44
17,55128242	9,443226612	502,98
17,91779397	8,674496232	825,95
16,77570733	9,534349452	802,22
22,01346557	8,992036906	771,64
19,27817756	9,068235954	341,43
18,79521059	9,098337307	972,43
17,10887897	9,407292096	462,01
18,2037948	9,935756464	936,2
18,92712077	8,476582411	702,91
17,90361351	9,160754875	948,56
17,72257616	9,864146354	616,4
16,88294581	9,34516743	499,94
18,22095705	9,431722198	564,27
20,00654987	9,233379429	331,28
17,98840636	9,287484865	950,76
17,99713581	8,716527592	412,34
20,80606656	8,752397635	933,44
16,87874859	9,699976949	361,3
17,91518589	8,741291586	603,92
19,25319538	8,733289884	959,17
17,49442347	9,115129193	707,02
17,50688281	9,779512564	696,48
20,2196687	8,995773819	808,73
17,44238942	9,543801201	761,78
16,98765152	9,046513611	360,78
17,83926488	9,250483357	561,05
17,88488426	8,325879538	801,16
17,35590877	9,406358547	669,76
17,19659429	7,881683738	395,32
18,86526801	7,939335902	332,91
20,0525982	8,935899367	353,35
18,05873754	9,545895005	735,89
18,83514484	9,385706377	506,94
18,31118458	9,359752642	461,34
17,47205996	8,433860455	465,23
18,12442627	8,632763895	869,39
19,49698653	7,810350624	435,35
19,31661884	8,33936056	629,39
19,7710484	8,364589647	480,24
18,52491012	8,637298888	452,59
16,07708335	9,619930951	310,65
17,32162377	9,187803197	796,28
18,80638496	7,591214234	753,83
18,70536571	8,642176416	332,75
19,15731267	8,613549621	797,3
18,95163751	7,670060279	320,82
17,53295501	8,01372628	629,49
16,96389389	9,610998848	652,71
16,52352292	8,781590791	863,71
18,30363221	8,691113583	622,18
19,57387054	9,269477185	765,07
18,34801759	8,420163901	964,04
18,66142206	8,428495623	888,75
17,41063543	9,479157576	315,95
18,60206324	9,688565838	382,22
17,64363473	9,69212235	695,64
19,37784192	8,436861123	997,8
18,14679849	8,582340458	873,32
19,42004611	8,290537559	348,8
17,04386225	8,688862644	918,94
18,21782618	9,436497883	566,31
18,04811936	9,077719775	886,6
17,03558864	9,029348704	839,27
15,71829013	9,205745269	445,94
19,42833343	9,617951743	328,73
16,84784796	9,11966109	991,54
16,96610948	9,321778903	638,84
17,80616166	9,150759214	526,47
19,88180205	8,728172974	947,21
18,49059992	9,00410738	867,15
19,74852047	9,395981858	540,6
16,62414998	9,243223344	838,21
18,00606447	8,432666241	713,78
16,79131173	9,90648392	519,26
17,73888146	9,00637385	579,62
18,7255922	8,824643181	650,45
17,82921579	9,492006647	482,51
15,84039289	9,348276808	599,98
17,51249676	9,658873653	880,96
20,28342641	7,241779131	994,03
19,12411353	10,09968978	747,6
19,67440324	8,918322566	554
17,4909903	8,460673864	693,92
17,82693115	9,496810898	931,18
18,52255631	9,651932936	543,09
17,76614356	9,414041981	425,78
18,18428815	9,893752806	930,08
18,7844463	9,21151941	786,38
16,95886989	9,649042485	870,99
18,54298297	9,492669117	689,27
17,06929935	10,35094443	902,73
18,37508171	8,570330209	616,49
18,08205367	8,899195241	959,93
16,7539726	9,837873183	315,61
18,50425927	8,512299419	817,77
19,39576928	9,762299139	712,58
18,06255928	8,934540163	901,99
19,01570667	7,850401563	826,79
16,50657624	9,268836428	933,18
14,45030827	8,799803415	446,29
15,59989784	9,334658032	840,53
17,53334279	9,776339309	398,41
19,66691397	7,224849649	556,48
17,40659115	9,122111671	359,18
17,27728355	8,35501373	886,01
18,31727777	8,00666373	309,24
17,48293175	9,268149735	396,25
18,63615442	8,810510704	886,95
16,84249945	9,780011031	901,51
16,89515515	9,23681566	880,83
19,24191596	8,401022849	850,35
20,03374123	10,85116467	364,47
15,00145608	9,351037042	846,61
17,79995987	9,261423696	852,19
18,44341575	8,547524129	962,4
18,76339241	8,698408568	614,22
17,06903122	9,191987515	695,06
16,58226287	9,316862656	934,76
17,5387244	9,051390196	602,22
18,71230126	8,17822492	967,68
16,64963244	8,441007285	569,46
18,52182966	8,951432553	732,12
16,49150929	9,530100354	902,03
17,06347598	8,416418823	548,53
16,22403412	7,594083683	974,02
16,71952622	9,196670008	535,4
17,4647915	8,745450101	679,98
19,42476002	9,17570579	732,3
18,67303718	8,66033545	501,87
16,39042766	8,542705247	427,59
18,22454618	9,080295334	802,8
20,07092719	8,845468197	671,43
20,50569458	8,555837293	631,33
16,59638991	8,084500671	360,85
18,14205568	8,860175961	782,99
17,02565248	8,712957195	704,45
18,67789213	8,830583713	332,23
17,37249222	9,48144332	488,84
17,23764021	9,055629257	890,83
18,27298686	8,634536741	940,44
20,31048704	9,569379401	506,81
19,33604544	8,976337724	423,52
16,90746353	8,674827709	636,12
17,76265903	8,004413542	551,42
16,59671688	8,591952739	590,85
17,87680007	9,477295976	749,1
19,16318055	8,704628328	696,18
19,50623752	8,80374261	846,55
18,57815178	10,10491066	778,78
14,98221534	8,975023162	994,56
18,07160242	8,933285428	814,54
18,3156048	8,446840289	922,3
16,28785484	9,493357592	999,73
16,9893203	9,179995758	574,49
17,72949986	9,61994175	450,7
17,69729029	8,337819186	902,98
17,20929894	9,453482279	725,34
18,27746446	7,626696126	631,99
17,74856851	9,115205913	626,43
19,53469686	9,30318832	351,57
19,56273888	8,869882347	557,11
17,14448078	9,488477085	918,95
20,0657034	8,245058632	507,55
18,09595989	9,482417952	436,58
16,87931282	9,562514436	458,86
15,59747951	8,088201077	941,55
18,92493682	8,272520167	871,16
17,91165081	9,13301996	599,82
19,14988643	8,770283956	637,74
17,70704444	9,451029084	485,22
17,40120753	7,997804094	865,44
18,88589753	8,89185184	967,2
17,8710367	9,005323334	755,81
18,67496329	8,086846963	399,45
18,35984878	9,624988826	408,92
17,31698723	8,950225749	460,58
19,19854339	9,677845411	593,86
15,10386951	10,43158878	694,07
16,47051422	8,524650483	789,67
17,26166688	9,02443077	976,44
18,932752	9,593463455	602,57
18,2992253	8,742207691	796,27
18,58914848	9,17958648	611,19
17,44769471	9,735349721	861,23
19,56461487	8,430390395	910,03
18,78964262	8,668661118	622,5
15,81223167	8,272284711	787,57
17,85363085	9,362727544	637,63
17,43864938	8,936748217	626,84
18,65358995	8,575003508	917,75
17,41746041	8,289696401	509,21
18,17603721	9,652785907	643,92
16,86861717	10,1157939	986,85
20,16853878	8,266937982	889,04
18,19943753	10,36195659	389,18
17,10991381	9,659817223	456,21
19,88527551	8,492505419	605,87
19,3234054	8,434826275	558,23
15,61890935	10,02118743	609,18
18,30452367	8,243138161	715,86
17,24296239	9,005431053	416,76
20,17261825	7,955475097	387,57
18,40304024	9,533954271	379,57
19,20365096	8,762592077	565,58
17,05291353	9,283314254	992,63
17,34555637	9,727969033	348,93
18,15993658	8,392067168	874,87
16,58201114	9,549270561	420,42
14,59456756	8,992947312	691,81
18,41996032	9,372004244	371,19
18,66299255	8,763811085	565,25
17,38761482	9,619943839	567,04
18,49579502	7,530321006	682,03
18,48247515	9,364638357	777,69
18,50091597	7,761188401	477,01
17,52618441	9,905450285	652,32
16,62683187	9,460684578	844,33
18,49182086	9,000698365	890,82
17,62569376	8,857819653	315,83
19,48458536	8,866723231	974,99
16,09906949	9,717357779	660,3
18,70068623	8,501764718	750,12
17,79372475	9,411786153	384,46
18,9691346	9,37285444	539,17
20,67190268	8,707122227	374,24
19,04871461	8,373751846	792,74
17,23499475	8,782418647	414,07
20,39799075	9,277508782	545,48
17,38832155	9,649269948	971,06
18,27056594	9,991870158	566,41
18,53899328	8,640851043	999,41
18,54829496	9,490393147	930,59
17,48224054	9,927776612	491,25
13,92085804	9,561393285	378,24
18,23639902	8,483538495	384
18,01301561	9,677475381	861,52
19,69320963	8,445304079	376,38
17,48671019	9,208847182	888,79
18,19814903	9,207548586	987,6
17,69555514	8,697587591	683,06
18,85216785	8,966885818	892,08
19,12558775	7,873059162	490,39
16,56313004	8,252439696	449,32
16,64410555	10,03651341	972,85
20,37116214	8,981011065	603,14
19,12969085	9,132165356	665,56
17,91804446	9,838680479	993,77
16,27704913	8,834305036	772,22
21,09839698	8,75091968	569,73
18,54742418	9,20601789	824,92
17,2594913	9,192140033	302,85
18,27962898	8,923273138	606,24
18,89985049	9,334512995	366,67
15,43928863	8,50698832	904,39
16,92110044	9,720837196	995,68
19,46615746	8,946530231	807,93
18,72025789	7,807443	573,9
20,83962235	9,787820598	300,85
15,45314819	9,667186522	447,01
19,7948934	8,868271234	813,45
16,0998644	9,237726845	685,61
18,20924066	9,270931171	306,29
19,3158402	7,401884633	530,34
16,86266469	9,719972574	346,93
18,46162004	8,473954081	545,84
19,78073177	9,098785348	534,8
18,90979899	8,102750049	755,35
19,13689612	8,048706241	923,91
17,83473057	9,739142477	821,41
17,47697596	8,333388079	800,91
18,75010499	10,22185952	542,61
18,96711856	9,755134406	706,79
17,8427864	8,838370994	930,88
17,31132448	8,575411316	487,06
20,65113406	8,649497872	819,97
17,07180224	9,123464519	752,82
16,06721623	8,884598949	826,32
16,85800999	8,335471837	373,46
17,74974654	7,476561067	793,03
18,29719471	9,589520364	316,37
16,61639334	8,872277129	890,81
20,8879254	9,883783671	734,1
20,03598149	9,39388702	304,05
18,15285386	8,945811032	311,37
16,00780041	9,527475993	321,19
19,7514198	7,859286521	633,24
16,65132872	9,036685894	757,35
18,15705438	8,48606766	379,01
17,74408313	9,123810935	967,7
17,57798847	10,14974296	595,66
17,94784916	9,457782979	798,97
16,06026154	9,250023713	564,7
17,73287079	8,095046732	850,41
17,11098486	8,753393895	991,11
20,55807673	8,656375283	876,53
17,36276568	9,667724533	676,89
16,48982866	8,944738673	500,56
16,33673719	9,851849109	643,97
19,21617052	8,650399433	327,18
19,85932654	9,019681883	893,25
18,0151368	8,97823667	735,52
18,91717007	8,384571178	667,06
16,75204493	8,803369251	848,26
16,12201796	8,945055185	452,91
18,84030004	8,794807626	960,35
19,77264424	9,485471546	829,36
19,566962	8,456378838	335,22
15,74067365	9,676678699	753,04
19,80925726	9,364593634	359,52
19,07071031	8,82232306	782,28
18,97963364	9,45134411	580,19
17,52996702	7,942353426	652,47
19,75006564	8,988281523	393,11
17,9783513	8,471120666	480,29
18,46444225	8,382650843	923
18,66584147	9,458781381	672,92
16,51477604	9,753132148	562,28
18,289675	10,10234076	593,91
16,48295698	9,583653682	437,75
19,31002623	9,068015666	396,8
15,9182499	9,358202544	846,66
17,2563448	10,05184973	871,13
21,00476333	7,209488118	651,73
20,28005451	7,668777323	654,43
14,65793065	8,810125753	331,76
18,01665163	10,04625873	790,25
18,56942893	8,205465072	518,45
17,55408578	9,998577285	358,85
18,09423693	8,594778572	316,95
18,22583412	10,3109117	406,39
19,53465274	8,9351034	623,58
19,69664636	9,055838505	408,01
19,8692835	7,771755706	655,15
18,17180775	8,825479558	423,04
17,87446913	8,814688746	722,59
17,47895009	8,579637544	685,47
19,18721486	8,594881074	753,88
16,72375112	10,24147667	384,08
17,56846811	9,41370919	585,83
19,59198293	8,101669847	550,31
17,37039986	8,86861938	704,34
16,11577863	8,412007059	756,13
18,57765673	8,957300179	979,01
17,22561602	9,677480724	536,9
16,92327767	9,795684443	641,91
17,72819866	9,561470157	330,38
21,00644417	8,381231554	513,62
18,64855191	9,210181235	552,8
17,47255058	9,559512988	977,1
16,88216387	9,131836993	413,69
15,59731475	9,107049938	379,32
15,94652782	9,64586108	981,05
16,79571208	8,772414762	651,49
17,3885325	8,825235824	609,29
17,16853144	9,546346904	603,91
17,93248293	6,927505104	894,72
18,71233582	9,479082431	909,59
16,98221687	9,032252283	769,68
16,02261654	9,359917477	496,26
19,08237128	8,609627178	912,75
17,76646852	9,341860541	513,89
17,22356915	8,151562927	466,55
17,4205436	8,963325632	713,9
19,17151259	8,488234141	746,53
18,56057361	9,002404767	478,25
19,3183298	9,469450381	377,94
19,89750502	8,352390805	593,14
17,53248765	9,431276036	419,24
15,56323444	8,734298647	724,36
18,66969383	8,902903572	658,36
18,19485457	10,06951493	471,72
17,25724102	10,2553355	306,44
18,91482899	9,505725095	551,42
17,40328375	8,51215969	582,97
16,6879599	8,342701313	691,74
18,79852686	8,843939155	337,43
19,2150009	9,175116168	620,34
15,92485602	9,877959911	406,58
19,70609182	9,135302563	492,45
16,42640768	10,38293335	724,37
18,48355951	10,35835672	932,84
19,60011465	9,362351296	364,72
18,91585325	9,582348098	531,63
18,31108887	9,466925022	875,83
15,73984851	9,106408456	869,06
17,3016988	8,334707092	700,45
17,59167864	8,698855044	956,56
19,59275176	8,626888066	430,39
17,34725814	9,526375152	799,6
19,3557544	8,479314172	585,2
19,0850478	9,437121336	921,75
18,00656838	9,974601406	644,46
16,18241699	9,007654665	847,84
18,18801815	9,541229913	477,09
18,6056213	9,182602673	400,03
19,01011323	9,867499984	625,59
17,95323077	8,869036309	916,05
16,9582743	8,852213427	369,91
17,62301801	9,714497484	773,46
18,16356092	9,04963879	835,51
18,84360496	8,470002233	496,51
16,36145117	8,687424551	738,98
16,72551843	7,81083425	558,93
18,61388995	9,247031312	481,94
16,17910895	10,09954672	789,18
20,00579439	8,00802206	546,76
17,86152125	9,417870398	443,73
18,02018296	9,287763581	822,37
17,04398859	9,101294953	588,98
17,51877265	9,324472796	559
19,05978188	8,888814058	945,64
17,58415855	8,596835321	467,29
16,79075703	9,290397638	703,15
19,26925609	9,237850324	561,29
17,99691083	8,590816023	857,47
17,03912085	9,533196826	983,83
16,63413871	9,716975388	631,92
16,59339337	7,639167091	328,26
17,04137005	8,688979861	678,77
16,04810777	8,98640805	518,43
19,85698161	9,419747611	656,15
17,14781264	9,221805301	969,59
18,78855177	8,113799646	685,82
19,32033558	8,627530573	455,34
17,91098617	9,200617681	982,64
18,46476416	8,114149808	527,57
14,66116358	9,989419612	685,05
17,07242785	8,158150685	789,14
17,67674246	9,349876213	907,84
19,40520105	8,545050787	503,63
17,56593543	9,562510207	414,17
18,33556521	9,462617577	705,04
19,92092516	8,75519508	353,67
20,61047506	8,557445982	323,04
15,4778437	9,791476926	616,02
18,19365141	8,734422272	363,85
18,12670139	8,933286874	511,44
18,00719872	8,912313855	729,97
19,00192129	8,086486599	352,3
15,7136929	9,354267425	512,52
15,23615361	10,09028038	542,17
17,12058633	8,27461942	320,28
19,38220043	8,334579551	336,84
17,68898122	9,523250708	986,48
15,9139776	9,062448078	672,65
16,50087654	9,034137548	684,56
18,26514709	9,278744174	552,24
16,05419994	8,80226851	979,56
16,6753147	8,644858647	358,6
18,81393654	8,466397005	978,8
17,1917315	8,510778145	797,41
16,9984939	9,120569171	561,54
19,22867202	9,293585889	830,84
16,43823561	9,26071919	325,65
17,99238835	9,000627808	672,93
21,05925124	8,760552455	377,29
19,32604981	8,571163269	913,75
15,28895594	9,711577214	549,32
18,80729314	9,326872785	771,89
19,28565186	9,33322028	623,67
16,85529496	9,142850488	489,11
21,25179982	8,451595766	425,58
19,62472988	8,852037357	405,82
18,877222	8,372878799	987,32
17,68971129	8,573560953	462,7
18,29750475	9,221075825	448,54
19,12015458	7,217734837	441,31
17,05299782	8,976163241	907,08
20,61898129	8,808060058	485,13
18,12561334	9,878272509	377,71
20,68123396	8,717771886	449,14
19,08653547	8,065454758	749,32
17,85627	7,894565642	887,73
17,4759185	8,339299864	952,2
17,46816448	9,82175014	462,7
17,87011843	9,359377756	981,77
18,21558776	9,484699441	347,56
18,11788963	8,739434605	979,99
19,07383435	8,925720948	425,39
19,91954352	8,776508457	973,09
18,43010398	8,292248859	547,13
17,56124731	8,032978792	375,35
18,16521777	9,34656798	508,81
18,46625298	9,269740044	464,89
18,1180326	8,553029659	954,68
16,54217397	9,000342315	305,84
19,82884834	8,159909823	794,28
16,01038592	8,653995359	778,23
18,26496851	8,688111816	660,02
22,04662273	8,257620461	592,05
14,91754909	10,35140381	907,2
18,7242707	8,411629108	914,39
20,50827828	8,790956553	721,61
17,20832171	10,49303532	412,53
18,30633854	9,100642765	964,68
17,42097908	9,098042215	948,6
17,66594807	9,611306779	360,78
19,7243749	8,14665224	716,59
15,46726026	9,975104552	698,35
16,94375722	9,108742533	960,45
17,80919733	10,13267166	699,32
18,05602929	8,995783428	549,9
18,4706846	9,783737788	802,75
16,9587292	8,702186522	850,46
21,08339427	8,553945407	757,53
19,69826067	8,592124038	558,4
16,76551634	9,737624282	810,66
18,65058015	8,755628621	384,42
17,86230388	9,44716926	373,2
15,4545185	8,524261581	604,98
16,34607175	9,466127971	852,77
17,60917029	8,137456542	302,46
16,4442491	9,652459336	730,42
18,24694865	8,32066195	898,51
20,70978258	9,728099675	858,11
18,05403872	8,268340313	461,39
19,31045823	9,255608216	654,3
18,65021749	8,877739547	684,14
14,45042028	10,26600593	517,02
15,62727619	8,760465421	808,69
17,10620629	9,654911566	752,11
18,73625242	7,717034192	792,7
16,51440762	9,730007232	900,96
20,00181278	8,901636284	588,04
17,63762028	9,741976937	460,9
17,83996866	9,033101741	758,62
17,59690311	10,54217451	696,64
18,43862263	8,482414417	682,09
18,00872376	9,965687375	333,06
18,3821995	8,517917699	830,47
17,90853026	9,109568679	683,73
18,34392485	8,514622554	918,96
18,68333881	9,207048592	492,61
19,24572019	8,264255622	982,57
18,92522673	10,03454646	967,11
17,04722572	10,20333086	336,06
17,3767053	8,65025909	424,34
17,56749836	9,289497066	671,65
16,97444799	9,500161092	570,72
20,32783059	7,92492637	512,12
17,46642824	9,009331841	967,18
15,50515128	10,13987592	912,76
18,16841356	9,340605966	505,75
19,74029547	9,093488855	522,02
17,15523859	10,16639901	672,86
17,12465427	9,479593086	793,53
16,65871625	8,960026609	476,19
20,39491406	7,561676603	976,55
16,6142763	9,008570495	699,8
19,56326937	9,684651994	714,1
18,29844301	8,303640033	858,82
16,95573782	9,969581967	728,34
19,31624907	7,643127219	730,71
18,60692592	8,700438941	375,67
18,3362098	8,795895315	432,32
19,58146288	9,295316023	477,08
17,91054343	9,041286171	365,52
17,39733665	9,164366091	952,72
18,8456769	7,835090469	396,06
16,26209172	8,516472777	367,56
18,06564793	8,303124666	457,96
17,21125786	8,944306682	543,42
19,91468704	9,204691434	983,44
18,13115303	9,077760713	711,55
16,02913737	9,037565024	723,2
16,22614173	9,126076473	728,85
17,21939099	9,122282506	846,18
17,20219992	9,302057749	674,51
15,59740452	9,127667497	309,69
17,51005266	9,549418314	800,49
16,78682863	9,18214431	578,99
16,57234196	9,221180452	401,35
18,45598575	9,658050347	308,91
16,44609644	8,866256341	533,18
18,71232019	8,025836694	306
20,28412966	7,890962096	800,25
17,51056775	8,464946732	812,25
17,27346615	8,488392411	493,93
16,65967051	9,60285694	466,47
15,31625186	8,422523033	906,81
16,65181432	9,976797612	415,06
20,87774107	8,001404587	784,26
17,75995753	9,260089216	481,85
19,0614297	8,976925485	610,19
18,85166793	8,954762073	490,68
17,43453274	8,122129478	982,47
17,90426882	8,439193204	458,31
19,01477704	8,057161805	644,56
15,63261192	8,558694155	585,06
18,39031717	8,86110458	872,88
15,26540995	10,07592526	490,93
18,14689169	8,744062948	709,95
17,34667054	9,268603573	575,25
16,76603189	9,46971602	929,41
20,63372108	8,208777495	988,82
18,38005918	8,809438418	514,13
16,14143832	8,889057477	498,28
18,15902632	9,757161297	495,13
18,22862923	9,474097632	581,44
16,47678513	10,41696887	416,68
17,4703739	9,676989205	754,09
17,29512423	8,934123462	525,29
17,01225998	9,590021987	625,39
16,35799916	9,460797579	492,35
20,63243288	9,531283632	501,64
16,32012266	8,991356366	372,73
19,48955474	9,888373302	897,1
18,54493278	8,64225852	801,45
18,66016282	8,974798092	907,66
18,99231137	9,11433418	655,37
18,32524288	8,736752267	678,1
17,8084181	9,297460581	621
17,34176148	9,318920538	698,63
16,21751295	9,289499495	918,37
19,82109901	9,066355654	655,04
18,33283033	9,033600317	984,95
17,51438882	9,709293006	825,23
17,38274008	9,147321816	731,52
16,65555369	8,185918538	708,2
17,48028651	9,102299775	345,57
20,48699307	9,350814257	611,2
17,90975944	10,06911231	967,1
18,00259346	9,203915251	905,87
17,16738189	8,963641306	652,02
14,5554173	8,753249897	909,28
17,29519926	7,962005315	308,39
19,16925285	8,229622311	807,93
19,34473043	9,419927518	653,89
16,22079977	9,161104607	506,36
20,30694131	7,654360461	861,21
20,0997734	9,716805007	492,47
21,03395743	8,272509701	622,78
17,99637703	9,906896409	877,29
17,21244107	8,748342977	417,71
18,72933378	8,458284591	722,51
18,0726725	7,309405986	786,67
19,2841813	10,23397955	467,63
16,7211424	9,745621434	628,12
16,95402319	9,574861212	515,35
18,34883391	9,786537806	322,44
18,14573786	9,602716757	902,4
18,93710442	9,986948315	378,28
18,46843064	9,109983884	538,91
17,04160697	9,35397244	949,71
17,21036997	9,59117934	487,91
17,46008385	9,770274487	482,69
18,89398566	9,678513203	692,79
17,59675472	9,112039306	414,28
17,98176721	9,07365528	694,99
18,52341864	8,939961473	933,34
16,7140923	9,68111814	663,51
17,35619679	9,777680425	995,94
17,4152718	8,781745185	928,16
17,36388625	9,25749208	537,48
17,68281184	9,246372611	784,59
17,08821172	8,031645129	443,89
18,92453272	9,183509265	695,65
18,65381544	9,317187342	607,41
14,67411013	9,09809819	972,59
19,23799119	9,407628158	905,92
17,24816057	9,637145795	479,4
16,38772707	9,666762434	780,63
19,24404875	8,093939143	874,43
17,50272724	9,322731037	954,43
19,03722204	8,342931604	587,27
19,98201718	8,400374658	463,54
20,72111968	8,540774405	851,79
15,01651811	8,661253403	466,75
20,79922179	8,769562601	904,04
18,97155019	8,966298806	491,83
18,15244274	8,628228942	954,91
19,18509754	8,171955926	452,68
16,66906882	9,050211601	648,25
20,29297363	7,725327667	883,15
18,42538872	8,710138553	989,16
19,6131706	8,970416814	843,9
19,80052671	9,411953827	690,49
16,07241382	9,514408687	376,51
17,64827135	9,573089089	332,66
17,02060247	9,30626613	763,67
18,97096917	8,658336865	853,96
15,22283894	8,569277687	949,45
17,1069639	10,52779535	473,07
17,01793038	9,77495975	973,19
18,72824001	8,022387122	814,32
17,55478707	9,436494736	349,85
18,70913605	8,148810949	350,14
16,36742984	9,610564726	680,03
17,59371269	9,243306903	395,22
19,78723519	8,317629157	432,7
17,51981127	8,24166628	498,84
17,13610235	8,92953365	956,99
19,97302121	8,323702325	316,78
16,5011196	9,68468437	317,68
18,57196028	9,288914108	699,75
17,9596195	9,142836716	953,79
15,93890727	9,552050136	750,56
18,38070574	8,650550805	574,1
17,52031907	8,869366697	616,08
16,93259341	8,674241567	555,7
19,58936182	8,835066833	499,97
16,66028267	9,199900731	840,14
19,94478349	8,4736683	775,44
17,75272748	7,628318533	838,86
20,04911765	8,65418567	481,17
18,44352663	8,993267544	682,5
18,04167119	9,427597249	895,76
17,21624846	8,735321015	799,47
17,88321888	8,252566591	384,96
19,27128007	9,539781448	313,29
16,7186898	10,24038416	623,98
17,3022453	8,754548753	468,59
17,62556456	8,796626227	443,77
20,20886962	9,002508927	957,2
17,54567889	9,821040899	599,27
17,87287816	8,986171997	550,68
16,73920916	9,620138935	983,33
17,24934878	8,932812617	710,93
18,99383776	9,560290833	960,74
19,66437477	8,889976991	388,29
16,12170683	8,549153628	993,03
16,81593137	9,019765102	677,37
18,06171051	9,57741431	405,66
16,61438532	8,961647532	666,2
18,15137395	8,738256338	538,91
17,64407416	8,853864599	815,42
15,86570522	9,156398616	701,18
17,33878099	10,03896206	339,79
16,68751254	8,266996169	314,7
18,83081403	10,19080171	423,83
16,33187264	9,47740408	855,7
21,9947325	7,911806723	336,92
18,06661256	8,502914849	522,17
18,99274358	8,910473075	493,42
15,93171925	9,975141388	420,39
17,95859132	9,714492246	994,63
19,63848703	8,128639958	462,51
18,42237721	8,823201003	524,14
18,55463611	9,291825226	693,02
18,42193033	8,898262708	712,14
17,65859571	10,59218541	779,59
19,78243105	7,498285641	369,29
17,99187352	7,282676923	993,37
14,954344	9,992325097	792,76
18,52128999	9,077935419	688,24
19,62111149	7,27601824	769,55
18,33993758	9,247301093	352,95
17,74828847	10,44423994	755,09
17,95750035	8,799075637	922,39
17,88851916	8,975091346	658,61
18,93734374	9,578817738	348,97
18,31070712	9,28519239	322,07
16,32082197	9,075330317	758,44
19,21594811	10,23313445	860,85
19,01794706	9,792793849	367,99
18,88349061	8,562466534	525,78
19,75623034	8,893997682	676,77
19,68743337	9,309682102	951,64
18,82197228	8,279745023	820,09
15,11521483	9,755205312	510,72
19,26965299	9,367916974	724,49
15,76900667	8,953023657	857,42
18,34302632	9,228494737	617,31
17,54858619	9,2376885	963,71
16,67649235	9,294733176	731,82
16,4530326	9,390499346	586,2
19,45792194	8,57573575	946,66
18,59150758	9,678141938	760,2
18,73982421	8,769692243	427,3
16,21696244	8,874952262	580,72
16,91797003	9,082824464	826,22
17,52004598	9,289619667	553,76
17,42742194	9,578610221	762,89
18,05873418	8,691702972	945,9
17,99578447	9,847059744	349,18
19,0876337	8,917371794	830,64
18,78843986	9,2949733	770,59
15,75986631	9,083768667	583,41
18,24328997	9,153979999	383,07
17,12263373	8,316150977	722,86
17,38343069	8,804884355	466,09
15,24568938	9,270260996	321,12
18,64061503	8,400930109	688,87
18,7215807	8,506646323	490,63
17,95130381	9,515209813	781,06
19,15226555	8,567715476	943,07
17,73356905	9,88690726	664,09
20,47878771	9,42900225	597,64
18,05756621	8,466499635	546,97
17,63312598	8,344127138	796,78
18,64733073	10,16773838	920,86
19,51833796	8,373771736	833,43
19,18217041	9,295967108	948,97
18,26203346	8,793023873	340,94
19,56889552	9,658805901	359,07
17,98374296	9,243884414	690,07
18,73159827	9,117619344	781,1
18,90468008	7,985026105	640,58
18,59085238	8,632542773	390,59
16,56562	8,556947558	883,16
18,51767554	9,388944857	924,16
16,17502922	9,516814372	964,09
17,38105964	9,015901164	399,69
19,90220721	8,997619457	419,68
18,97522514	9,296063134	491,97
16,58026345	10,41593892	467,64
17,93349869	9,308311173	802,09
14,59516528	9,280767344	419,34
17,42431937	9,928005796	846,66
18,71764684	8,850494461	990,44
17,22253053	9,027463674	963,32
19,06490917	9,603474039	992,77
17,97339235	10,0089048	487,59
16,1091471	9,165721283	676,86
17,59865808	9,687796377	626,63
17,23089149	10,364389	351,69
18,42392946	8,436115835	863,1
19,37325616	9,40268655	670,76
19,86967331	9,507952693	534,32
20,8207616	7,682978113	560,54
20,19092718	8,83557792	592,3
18,08029757	9,342635405	345,71
18,29140372	6,731268711	629,95
17,97709235	9,247839663	819,65
18,02919728	9,000951485	703,78
21,14667132	9,093839663	572,99
16,61306314	10,04536836	971,48
18,18129948	9,053268586	704,12
18,89266693	7,730946027	806,03
18,45063857	9,112006164	729
16,18422519	8,535172384	672,79
17,97944642	8,836304583	583,4
15,34383703	8,913737914	867,69
18,59116935	9,033604042	649,86
18,20047116	7,927734761	476,67
16,47210741	9,179444036	512,26
19,17215479	8,798987195	477,47
17,73594365	9,644817145	497,95
16,37811706	8,892545127	681,42
18,54168475	9,080835082	818,73
18,09055836	8,494431938	832,61
18,51102488	9,070773749	578,48
20,02788874	8,627149245	738,48
17,76323092	9,174278809	785,63
20,82838222	8,562864859	802,06
15,39514376	10,29144393	641,08
19,21182517	9,25242103	689,28
19,29527619	9,227069816	755,18
16,73354604	8,90436937	831,06
17,80830671	8,833706675	465,39
16,4806009	9,56496215	378,39
17,80098516	9,032312025	540,82
17,99991204	7,781033002	622,26
18,35180536	9,011350206	307,28
19,01127443	9,712631026	987,97
16,32038366	9,529244681	421,69
18,00624538	9,501649386	559,53
19,99803109	9,197700139	460,74
18,36394367	9,188653386	704,07
18,10894408	9,782115477	581,48
17,98919952	8,569964314	342,57
17,26956598	8,831516009	789,43
20,18596461	8,053678069	587,41
18,50401456	9,529013172	551,72
18,62342854	9,945861052	791,52
18,73910741	8,399378911	546,69
17,03522802	9,118202265	947,38
14,97242967	9,214279533	408,16
17,93908952	8,142484727	832,17
19,75694236	9,351655817	783,85
18,63128061	8,020471745	513,82
16,83987892	8,764200079	610,16
16,98579527	8,363877852	686,13
18,14630544	8,681537809	705,21
19,66656933	8,31636144	308,56
16,41820161	10,44736335	693,36
18,58759923	8,979263368	610,13
15,82728983	8,871204283	516,48
19,34482383	8,196091726	598,19
19,37892585	9,20082009	995,37
16,4836999	9,056127537	316,18
18,8397705	8,949996483	342,24
18,871401	9,460763438	807,44
17,54737861	7,871296168	391,6
17,12332512	8,160025222	303,39
18,57818612	9,421258311	303,24
17,53975194	8,999489921	577,49
18,69491753	9,719274286	429,86
18,68225107	8,863977362	334,72
17,51174013	9,841608887	546,73
18,52233544	9,055445828	779,52
17,98141074	9,741985776	748,49
16,68900066	10,36380869	747,3
18,71015794	9,677087605	342,77
18,16651102	7,771761315	955,76
18,55643509	9,170237942	529,29
18,32038429	8,592129348	964,76
16,11929218	9,108689472	610,91
18,65243662	8,334770129	973,83
17,39410358	10,15319801	682,94
18,18557643	9,66821552	405,18
17,57947461	9,340079568	339,34
19,29831043	7,768485255	537,47
16,25475182	9,610747731	499,73
16,44336671	8,816783033	970,05
16,36696738	9,202838215	784,1
17,003753	9,807238429	554,57
15,99291416	8,648423168	664,47
18,23235804	8,213790919	716,71
16,46283306	8,920873054	867,72
17,74267044	8,41411341	692,48
18,54715427	8,533798325	799,53
20,59913792	9,161876743	578,68
17,49529671	9,884750239	407,65
18,84560626	10,16112953	649,26
15,75054581	8,585094747	522,58
16,2034172	9,791146566	865,04
15,84076168	9,719795859	806,51
16,56357734	9,408262325	777,28
18,68684777	9,14086568	525,34
15,56229553	9,234314764	396,51
18,15909016	8,428317622	666,28
19,45417928	7,999183546	792,53
17,10972586	8,329454432	652,83
17,81630022	9,496996694	545,03
16,75449523	8,863123304	326,08
16,60973859	10,04952632	785,46
16,85017124	9,518670599	642,19
18,62530638	8,932555209	363,83
17,97613446	8,416572386	549,95
18,31353085	8,555203983	545,86
17,5408187	7,92231044	807,62
17,85206609	9,42680514	520,95
15,75458319	9,611173456	969,75
16,06336534	9,416586805	557,24
17,17647133	9,039800867	546,01
18,4813186	8,823554954	711,23
17,65659807	10,29366481	357,61
18,36621118	9,419671633	920,43
18,1862687	10,3725007	800,95
19,30845886	9,038082717	810,77
17,59126232	9,53038353	495,91
17,32786492	9,930658288	765,4
16,95549033	9,568647551	625,05
15,91553055	9,224376748	711,21
19,21312617	9,944686242	918,41
17,05588638	8,649975925	627,27
17,30266979	8,752496929	708,78
17,0620857	9,171769638	941,66
18,11254625	9,300325425	695,66
17,71386095	9,050201012	660,15
17,76468161	8,644150187	828,07
19,77041378	7,936827295	995,27
19,02342479	8,485221582	458,6
18,94016647	8,368309396	918,75
17,38100884	10,98635843	479,48
18,13623604	8,168356935	560,93
18,68155939	9,419191167	785,2
17,27054492	9,07984033	836
16,28633777	10,80032842	809,71
17,07458793	8,006152289	429,27
18,13927442	9,429338175	931,28
17,11535715	8,937072877	884,31
18,24281643	8,777025261	414,64
17,20820259	8,318226883	356,96
17,95530177	8,64020341	739,44
18,11929102	8,576025737	439,12
17,25842714	10,00855469	325,14
18,66371163	8,458132609	637,62
17,58581986	9,95516492	364,93
19,26412703	8,366554431	880,12
18,65083467	8,502257986	932,79
17,77924694	8,157248689	315,13
17,7813349	9,416365101	567,88
17,69786028	9,006931254	566,8
21,00397528	7,939402911	776,96
15,61744628	8,756136659	321,61
18,55601099	9,345757294	575,29
15,32561158	8,44878114	473,05
16,2545942	8,511439527	808,06
18,25683078	8,86326714	437,68
18,26074101	8,656163615	748,75
18,35426856	8,119520976	460,33
15,16560167	9,457058968	518,43
19,49524595	8,774889399	896,6
17,52788474	9,332515702	703,89
20,09114644	9,16572713	732,94
17,23557517	8,453808463	871,98
18,61103182	8,648592821	614,74
20,21986242	8,894614731	342,73
18,10416313	9,114018756	996,96
17,36046375	8,744694183	820,54
18,94019688	8,695648369	839,36
18,71154481	9,012982612	471,61
17,64397887	9,323825201	448,89
19,04781804	7,946424966	660,21
17,86872937	8,625782751	447,62
17,96249368	9,078064225	666,84
17,63681377	8,128710034	515,89
16,28875608	8,720604417	406,91
20,04793593	9,038579584	360,52
16,22609495	8,96367429	414,66
17,14498306	8,608708804	466,83
18,13442348	9,4803963	855,87
18,34139438	9,50992806	418,23
19,32506156	9,951815959	966,4
19,46742897	8,430650558	689,9
17,5025911	9,171977299	651,96
18,36196181	8,404471665	409,98
16,62038558	8,90845216	446,68
17,93959464	9,432709625	854,11
18,43373085	8,850416656	572,33
17,92169759	8,731470643	830,89
17,23176776	10,02239581	444,47
17,53643265	9,37575635	421,99
18,32587149	8,744273318	434,11
19,28654459	8,94148625	730,18
17,29368964	9,614352634	402,32
18,65136438	8,199721571	485,77
18,70550513	8,820671454	623,94
16,88012644	8,951456154	448,44
18,13227963	9,494250816	709,03
19,24553677	8,544625789	429,52
16,52400223	9,378612047	708
18,79649004	9,926146288	722,89
19,78182944	8,710204906	791,66
17,13493002	9,16736062	313,64
18,80252091	7,886182135	585,91
17,35549984	7,918905496	523,39
19,07116582	8,017040948	951,69
16,87636207	9,728623971	756,47
20,99858268	8,832489178	525,8
17,88025578	8,285151694	993,2
18,52773124	9,161471267	635,43
19,76729603	9,116747096	388,38
17,92777188	8,708555758	897,34
20,35307463	9,542220788	640,25
19,31432885	8,935744155	389,54
17,82125584	10,56265695	361,16
17,36902098	9,013944376	751,44
18,58382586	8,644126021	411,96
17,45565928	8,594787561	713,68
17,09423138	9,167573324	691
17,68820423	10,33448466	472,71
17,52307259	9,13927472	912,67
17,4057198	8,531979033	560,02
17,6599662	9,665616073	510,25
16,78415622	9,526652291	816,14
18,15284779	9,254940045	357,63
16,96907766	9,758111287	816,68
18,76055589	9,019136937	357,02
14,78716472	8,980714056	779,79
18,2493764	9,103784478	387,56
20,36850802	8,870879945	594,28
16,83698919	9,246133033	850,47
18,43256014	8,901447201	691,27
20,29980435	9,611679914	445,31
17,39237975	8,352989183	302,02
18,06738034	9,323596895	688,08
18,12096546	9,392769021	519,95
16,02517224	9,73725462	986,71
19,1637294	8,412709365	351,19
17,37236653	8,9777131	487,55
18,4323523	10,08787571	907,07
19,32847262	8,427315702	458,23
17,14806045	9,606066753	885,96
18,92175651	8,504771898	989,59
17,38866963	9,105512434	922,69
17,88592613	8,793989199	379,99
18,85541789	8,614632667	530,79
17,41459193	8,359326724	402,89
18,0926797	9,463246231	856,6
17,66779328	8,55175024	618,22
17,73744777	8,912558326	570,44
20,13804088	8,499763453	879,75
18,08068512	9,222644681	564
17,44259372	9,47895555	833,56
17,80539062	10,14367563	944,42
19,35252878	9,345080389	777,77
17,67831407	10,02729612	855,65
18,29284946	9,690146879	477,61
17,01388307	9,824135927	992,83
18,2747493	8,856295865	646,67
18,82506336	9,027817793	791,12
19,87984743	7,419625657	806,66
20,2163704	7,345925663	444,84
15,62209069	8,581184712	880,39
17,4271293	9,180473119	353,2
19,56977407	9,258116127	611,71
18,68565286	9,09316488	622,57
20,02311152	9,321031304	958,92
16,05622462	8,97821024	346,08
19,11727531	8,078582208	655,65
18,42565782	9,289287958	481,17
19,07309447	9,218321708	763,59
18,72340555	7,76342468	700,38
19,73352704	8,525154505	581,64
17,05115489	8,292066203	591,8
18,84713349	8,531455654	896,04
19,6333104	8,23886406	638,54
17,25077993	8,883893268	478,93
17,66104354	8,624413527	521,29
17,61403096	9,198572053	568,07
16,47352999	9,151424462	899,78
20,29257291	7,963578795	466,02
20,20547708	9,33160331	877,03
19,58958838	9,484583561	722,09
18,92004027	7,847684714	385,14
18,33049016	9,006788069	575,37
18,35710883	8,339992518	467,55
17,67693086	9,241234637	881,53
18,1212558	8,897551888	456,75
18,51217575	9,494615064	341,03
18,07721306	8,787984082	897,15
17,14553284	9,362147995	636,44
17,516551	9,033916607	979,74
20,58597614	8,213902293	609,27
19,95998117	7,937606326	377,73
17,51449738	9,112949783	354,67
18,01531388	8,519009129	474,33
17,14706935	9,451524983	323,93
16,43700194	9,554665852	790,42
18,41625703	8,979891141	876,04
19,04194723	9,19861776	725,57
16,68224306	9,663474991	766,15
15,33702346	9,749915509	401,18
19,19068478	8,420946039	681,4
19,65239036	8,839055397	657,93
18,67100187	9,145568548	793,83
16,63012566	8,682755846	493,51
18,88282305	8,752782605	782,89
21,6432965	7,138856829	417,86
15,75187409	8,846197826	890,3
16,54050854	8,336318601	887,84
19,73404797	7,980723827	986,68
17,43759805	9,360174669	515,31
17,79900043	9,426973304	772,98
17,90691013	8,761267459	578,08
16,36837185	8,934162244	788,66
17,03622377	9,749183648	678,38
18,02752502	9,268323003	712,21
20,40396998	8,453519441	485,33
16,84536032	9,781723399	860,45
18,06895701	9,03751022	517,64
18,75011119	8,740256694	680,82
18,0684452	8,573868276	483,35
19,52352497	8,155963543	710,78
17,19394739	9,160091621	922,17
19,10923129	8,624539455	728,81
17,71235376	9,093387247	865,55
15,83229967	9,644893084	636,77
19,69681499	10,03143143	363,71
17,14670651	8,224843373	772,07
16,12170766	10,48684548	467,02
18,35756713	9,417914889	682,78
16,40271037	9,445336515	974,08
18,01299014	8,610811076	853,92
18,4588785	8,709634013	855,09
17,86779793	10,31180282	402,57
20,29098655	7,918518071	415,33
18,15127951	8,946445774	642,47
16,36824717	8,748033086	700,01
20,85429274	8,338990872	770,9
18,16789228	8,319119387	705,62
20,28064816	9,037815491	513,83
16,87059841	9,854449964	430,94
18,48955348	8,754179455	641,68
16,49843712	9,549363185	416,52
17,21132381	8,546060957	842
17,34567252	9,468211021	950,9
19,65203889	8,222928505	318,83
16,96244555	9,060229842	517,79
17,50874141	9,480491943	364,3
17,04956759	8,865925166	658,81
18,23971027	8,475870474	329,2
18,38188768	7,990603195	925,94
19,7333088	7,932692788	753,14
19,41515234	9,429655683	359,34
18,49160996	8,770916611	922,28
17,92259186	8,241928848	993,34
18,47890364	8,727690864	718,73
16,63160519	9,199783464	879,77
17,87845345	9,137774501	667,56
18,70052026	8,31379428	559,47
18,50573041	9,788099793	456,32
18,85307413	8,96919902	401,64
19,05881345	8,964419877	467,09
16,61494031	10,36955724	642,94
19,75005472	9,431297425	547,7
14,44339906	8,166942675	731,08
18,34958769	8,957101481	570,06
19,72944205	8,615183452	521,95
18,34947724	9,023402813	532,75
18,75787176	9,06721211	846,53
19,11836245	8,85300591	999,43
18,82791744	7,494746564	574,81
16,92877727	9,281905169	690,19
19,40398845	9,18561917	630,61
16,64268967	8,540634227	536,13
18,71067464	9,321521471	839,29
18,7730332	9,610734705	945,77
18,91404242	9,331321007	825,65
17,38195984	8,832107957	452,38
19,09561687	9,157775939	716,31
15,77508824	9,588495873	309,26
16,11865362	9,770232842	452,92
17,22768339	9,328987496	414,67
16,67877352	9,509778943	364,05
18,28329606	8,349174336	924,74
17,1757699	9,164701705	473,02
19,78492386	8,115019613	623,17
16,78210137	8,301532772	571,3
16,46099499	9,235586917	784,45
19,1843715	8,684645341	554,56
18,409803	8,391891917	827,76
18,6457445	8,440338699	323,22
19,80634115	9,115942739	594,52
18,81862336	9,087857797	718,72
19,138904	9,486611361	712,21
17,80212958	8,449886343	472,74
19,19385645	8,726254719	421,04
16,06410615	8,845330545	489,83
17,01881943	8,80599753	377
20,37771492	8,582661943	328,01
16,76565551	9,338360544	356,28
17,77793477	9,243208523	939,53
17,12738251	9,510030581	736,96
16,18869558	9,090583547	860,24
17,3527292	9,566803474	750,97
20,33206123	8,408132054	512,33
15,75798061	9,238014599	827,41
16,46944931	8,657769147	926,73
18,90667017	8,638489133	861,56
16,8838067	8,881023496	421,56
21,3031595	8,71689945	607,43
17,42651299	10,00794912	846,41
18,44294783	9,091085501	354,98
16,07227939	9,294677152	374,58
15,60112406	9,156915949	729,75
17,88502778	9,686212613	491,76
17,21681719	8,926214471	867,98
19,75964848	8,864078202	320,25
18,17749876	8,122014527	394,85
15,02518286	10,50764483	306,24
18,3611608	9,488541912	515,11
16,81875711	10,21950767	538,36
17,14781524	8,771959803	818,37
19,06204852	7,672962854	538,83
19,97975531	8,997835765	931,17
20,38412315	8,50761011	547,89
17,16231588	8,504282276	749,01
18,04366725	8,101441605	733,8
17,61212822	9,497749328	891,39
16,79990051	9,285371749	587,81
21,20397915	8,527533121	977,92
17,51362023	8,584209288	854,81
18,47169112	8,499209459	419,89
17,09589385	9,422878931	322,03
19,67446573	8,240421088	769,19
18,90499059	9,502929009	639,57
18,00398694	9,12427406	411,15
14,82702422	8,793227767	689,89
19,60344732	9,563572232	488,38
18,17235471	10,52233089	928,64
18,97574501	8,456298508	628,18
20,66225879	7,215114233	829,31
17,7227128	10,37634297	718,42
17,16309961	10,1361304	393,47
19,39979813	8,151023995	522,99
19,64153903	8,417958203	421,99
18,51831205	9,945556327	948,23
19,30036681	9,421830083	656,22
16,15948516	8,599742194	446,14
19,08186114	8,610231155	310,46
17,42703328	9,572565438	387,17
19,70478986	9,043064534	411,42
19,04800515	9,813940851	517,31
16,61968275	9,3282833	747,83
18,33767166	10,03207244	499,45
17,66578373	7,589038059	763,36
17,41050687	8,976025471	789,03
18,71661094	8,569162588	359,28
18,94550037	8,966944524	781,09
19,44930675	8,170811789	547,27
18,09066715	9,551444777	447,17
16,54100732	9,56999424	625,31
17,26068051	8,746438553	488,65
16,8191568	8,849945193	603,06
17,97585954	10,34243694	518,36
19,12537568	9,612850406	615,07
18,40957538	8,791256618	835,51
15,69639754	9,418761466	781,26
16,84804911	8,759465549	318,05
17,49872677	8,451143699	762,93
18,14519431	8,682381174	599,91
17,40316569	9,453589338	539,87
15,91149099	9,026891261	605,61
17,83768788	8,715973586	843,52
18,72399067	8,909095914	370,58
16,5589389	8,448099498	990,78
18,10468732	8,833768797	869,14
17,78151661	8,836757258	817,71
19,20401704	8,173056892	459,79
18,13157775	8,792043164	933,54
19,71519323	8,184252366	862,44
19,0334696	8,668009776	761,58
18,11760665	9,293318923	855,76
20,27958624	8,648180881	410,71
16,53228121	9,693551727	493,69
17,09765606	9,486688305	749,77
18,59676766	9,224316824	450,67
17,17826205	8,772279887	816,18
16,11394359	8,951597409	631,9
16,07827558	9,625468569	365,45
17,50860208	8,405267045	402,78
18,18164305	9,5220857	862,85
18,86761622	8,492687312	792,64
19,05886986	9,787459379	875,25
17,07011606	9,263963222	725,51
17,52250584	7,746670613	906,1
18,96593054	7,7871301	594,09
19,74564752	9,131370075	329,59
18,75483485	8,572587664	601,59
19,7511037	9,465756302	681,72
19,06359171	9,35783381	909,76
16,77260994	8,747172771	967,71
18,45517396	8,636466822	327,78
17,44889076	9,524170685	591,79
17,53756904	9,117191057	475,19
17,46141211	8,794562996	439,34
16,76912501	9,95101003	676,94
18,27773004	9,085692199	955,58
19,37985201	8,628421262	759,45
17,51083149	8,176756136	809,47
17,26626896	8,294887217	445,93
19,14573921	9,276771753	949,02
16,70012596	8,444950413	998,83
15,56438174	8,202846022	757,88
18,40132607	9,721316399	485,1
18,5585905	8,442787188	577,32
17,99745539	9,258251347	811,37
15,96058171	9,515287193	978,01
16,27111348	9,646371476	837,65
18,59395347	8,69911676	571,28
19,57365537	8,317395032	604,83
20,09428454	8,852216022	507,81
18,78561165	8,982403848	747,52
17,9548293	8,160339225	669,29
18,91402062	8,347726483	335,14
18,18740278	8,02609707	592,89
18,36483929	8,811095725	358,63
18,36007995	9,154119222	320,51
14,59088404	9,312463272	929,17
18,82416329	10,15513797	444,41
16,86321031	9,625791963	665,46
19,22684619	9,360998849	661,25
17,96033553	8,830859236	618,46
20,25495141	8,907571603	759,17
17,43412695	10,4721342	316,42
17,89230605	9,67009953	987,78
19,15725806	8,519107893	317,86
17,49792453	9,788272671	493,76
17,00651355	9,408238031	327,05
17,91556891	9,014960651	772,08
17,54130739	8,764428314	753,16
18,05168088	9,125263485	323,44
19,15224645	8,077607769	927,06
18,24172174	9,16043915	725,69
16,1488841	8,395677246	903,54
17,4849767	8,517541627	859
18,38825703	9,604213973	458,64
17,25694569	9,459145775	736,92
17,80317292	7,443885782	327,84
15,80890273	9,855822128	890,66
19,05674895	7,966217867	791,01
18,38010417	8,457711921	393,97
18,01736832	9,642366156	331,99
17,87458355	9,569507857	928,53
18,51852913	8,254196836	765,12
18,54600956	8,405512841	401,24
18,95595739	8,947956916	792,98
18,09783195	8,522179115	545,07
17,94853185	9,658517877	364,31
16,47959949	9,927946942	634,13
18,50734984	8,29881286	697,5
18,35196255	8,854512692	549,16
18,39579133	9,565987515	392,64
19,179947	8,9651763	464,87
17,78248391	8,986203783	914,55
19,53207172	9,043428898	872,66
18,73870119	8,867411002	953,17
17,3528855	8,672751627	435,97
18,46481383	8,78822488	312,4
19,30214419	7,904126162	672,7
18,90399603	8,978466342	787,01
17,72447042	10,27520578	861,81
17,85796705	9,055213707	523,41
19,27702636	8,953174082	348,28
15,69216831	9,030461719	664,97
19,43987302	8,660147737	764,94
19,68390386	8,470267516	912,67
15,22823905	8,692657333	911,99
19,89420668	9,464016107	388,39
15,49366223	9,843525371	410,15
17,0202877	9,450283964	663
19,1201709	8,42134555	876,21
17,40290338	9,178506015	892,22
18,90760597	8,996133204	647,84
17,3379592	8,9840564	903,69
18,88284546	8,246668389	469,39
16,13590803	9,378626867	799,96
20,1499776	9,464961403	649,71
19,18541565	8,913490861	583,42
16,14448253	9,246820086	846,34
18,40248731	8,339340735	507,74
17,2955264	8,081929854	658,73
19,49152137	8,515591287	669,74
17,75637294	8,991613828	986,77
20,27158207	8,589791057	669,7
18,35335073	8,600715495	901,74
18,20438464	7,923859856	893,66
19,05222067	9,050453785	693,54
16,06328585	9,524817782	609,54
17,7980448	8,458660291	355,83
17,37155549	8,676748179	344,46
18,73586096	9,006442227	561,51
16,69636545	9,902093959	579,25
19,14791559	8,340396488	653,02
18,40508939	9,212828278	992,91
19,05534276	7,345271408	420,52
16,93011243	10,10301998	366,56
17,00894788	8,711305575	375,75
20,28637088	8,590228623	984,21
17,9864574	8,38627925	707,04
16,01227719	9,756920422	318,64
19,50364696	7,594114596	469,04
17,04836029	8,571472316	820,82
16,8250951	9,67364372	440,3
20,30139116	8,878664919	526,19
17,87500987	8,813631877	535,28
16,68830044	8,867130987	792,83
19,89718383	9,089680196	820,51
16,5785098	9,268488745	749,65
17,7854677	9,959365941	740,02
18,09553905	8,829574448	606,75
20,42613974	8,032047198	463,25
16,08227367	8,438301939	420,93
16,52834916	9,796852186	949,3
17,55162995	8,195941002	495,83
18,36665499	9,107239339	848,15
17,85065772	8,653883086	520,79
16,60465023	8,161617925	696,35
17,24801276	8,977841727	736,77
17,07979589	8,563313053	741,68
19,55184203	8,945776989	871,87
16,47591769	8,510857032	828,11
17,30694277	9,008826756	548,57
18,93229871	8,773591002	719,47
15,80226934	9,690085273	432,34
17,23579229	10,20843305	802,72
19,22793919	8,217847952	877,48
17,79634725	8,693899433	782,3
16,55121098	9,415284269	567,2
16,62376507	9,294643168	618,24
18,71445857	7,517099801	750,4
16,24314082	8,599509113	711,23
17,88563307	8,247334198	399,34
20,38389542	8,184410959	630,19
17,60538738	8,99760496	824,02
18,62686568	8,405435231	572,18
18,34528406	8,60166081	323,33
20,97113531	7,480811189	486,03
18,82835687	8,975585972	798,84
17,12493416	8,638469187	653,76
20,09486963	8,401753234	380,31
18,34000107	9,196804361	693,28
17,9692413	9,554193502	539,02
18,50402238	8,471783136	627,46
20,35591895	9,258133746	973,72
15,55701715	8,922987187	812,76
17,28433455	8,981873132	894,81
18,00723438	8,414235783	365,45
16,5546811	8,661570291	938,93
20,26821737	7,382319866	537,21
18,42026919	8,765023938	577,64
17,64437488	8,119955725	478,98
19,22951814	9,425765512	446,31
19,20938401	8,379969815	877,18
20,86626214	9,223945187	515,02
17,42505608	8,514356949	651,67
19,86681484	8,478496248	483,8
18,10717544	10,19012906	693,84
18,37444231	8,343216455	956,7
17,44510906	9,893964652	901,61
17,76691657	8,504146787	452,6
17,50698766	9,428844027	908,95
18,06826366	9,7539677	932,97
18,5574716	8,429140315	413,12
17,55840882	9,493911613	850,24
17,57633736	8,036918501	941,73
17,829497	9,659854038	516,75
19,11563152	9,555063373	571,42
16,16766924	10,40665426	991,79
17,43267592	8,577674215	915,73
17,25368258	9,215158023	381,92
17,74788339	8,235865003	943,37
18,83861153	8,447064722	519,33
17,1117136	9,096683367	974
17,86141419	9,224829505	474,74
16,76378791	8,590033934	893,91
17,872645	8,397623131	744,08
17,43159814	8,598709911	613,69
16,64521882	9,832422012	900,78
16,61527693	8,877051104	743,51
18,9279052	8,960141218	716,78
18,06313012	8,315104439	601,83
16,92771676	8,140413146	984,28
18,7754019	8,35523531	385,66
17,1525967	9,448178139	678,15
17,16602654	7,497363921	571,77
17,24324249	8,60168159	316,58
17,39470798	8,165487571	988,38
18,34315158	9,480281057	899,3
16,01171284	9,98831843	662,23
17,58114201	9,70408804	573,38
16,85758455	9,134306781	518,28
17,88122837	8,419121295	560,66
17,28463456	8,671779652	613,92
17,15907366	8,6146706	902,36
17,39011932	9,163265398	922,8
17,96597039	9,642238913	987,67
17,94980722	8,614174104	820,48
20,98976422	8,852646847	685,43
20,60952337	9,549414854	696,25
16,933704	8,722306665	435,15
18,45333595	9,931489342	980,62
17,7715289	7,617159564	495,45
18,05313532	8,890625998	730,35
19,64009244	8,013329758	943,4
18,85005583	9,345884734	416,12
18,22662715	8,805901464	893,15
16,72755609	8,832529479	652,14
17,66525699	8,365283576	444,8
18,34794139	9,240127643	660,39
18,34316943	8,450107159	977,15
16,42017623	8,12325679	852,41
19,99002184	9,302402522	463,16
17,58268323	9,002730604	745,23
18,10441633	9,035828888	967,16
19,26214245	8,943083522	444,06
16,28345651	9,432881014	639,85
17,82467722	8,709902123	632,34
17,77254311	9,058648832	379,6
18,86356332	9,332371173	837,58
16,47327513	8,72248465	425,56
16,45633953	8,701633109	336,88
15,93861487	8,997308454	422,73
16,80232379	8,912538299	731,43
17,17134517	9,91187588	981,94
17,9140995	9,112138974	752,39
18,76651992	9,289407868	854,97
16,89919144	9,946604126	804,54
19,43702931	8,762672226	739,66
16,24587779	9,396551596	551,88
16,74633655	9,447498926	522,06
15,50309994	8,894823867	990,28
16,55616239	9,591742418	825,13
17,83351038	8,600290166	973,93
18,14825411	8,410407487	543,94
17,60756472	8,08406774	393,1
15,78580786	9,167569542	669,09
18,04698787	9,44513561	533,37
18,68257819	8,527685097	749,36
18,24794013	8,952452924	629,97
15,97651901	8,760709196	595,94
17,99410401	8,96394916	752,03
17,21287148	8,900114888	331,41
18,2803654	9,261627051	486,93
19,19697201	8,180220699	740,28
17,37727827	8,80469644	707,68
15,96266843	9,306958467	366,63
15,49878797	9,917888936	964,51
15,40529663	9,577474347	325,31
16,54204725	8,873234518	398,02
18,30876246	9,564845402	946,7
18,53239098	10,09279049	823,23
20,11393355	8,619054961	350,51
18,18726729	8,925309166	718,34
15,23012221	9,345918416	667,35
15,93562414	9,095624647	816,47
18,64185422	8,350473428	382,47
18,98170104	8,305487621	792,92
19,4329259	8,953003913	945,06
18,82173359	9,451418997	367,47
16,93775309	9,087517049	638,78
20,10648833	8,947503418	570,07
17,86036045	8,322754197	666,18
15,3617625	9,177582647	983,92
17,37739261	8,424477626	330,49
20,43095407	8,927199633	376,66
16,61956581	9,014047974	538,28
17,48092363	9,855868838	440,29
17,72558247	8,2149039	782,34
18,37189816	8,919374666	748,35
17,97499705	9,493279029	533,63
14,96037426	10,06647973	534,82
17,39627699	8,800645125	668,8
17,35954585	8,982682037	546,36
17,81041958	9,116725159	791,68
18,25420077	8,427321221	477,9
16,59333802	8,529039403	324,73
18,22489661	9,37459228	908,5
17,13902149	9,064608459	549,79
17,47277357	8,224439386	303,35
17,9984072	7,603551812	994,21
17,22341435	9,198341423	322,97
17,3291076	8,540243133	370,12
16,80342706	10,54336371	777,17
16,94816766	10,03519646	991,48
16,56075918	9,34021822	795,23
18,44785778	9,701243478	883,73
19,69719286	7,671512062	574,62
18,34933025	8,821297734	653,19
19,03233532	8,496141228	896,81
20,06999826	10,30895647	873,46
19,4956742	7,978686663	938,53
18,33274117	9,16394375	820,01
19,07040372	8,913284952	645,67
16,47216786	9,52530591	927,34
16,52031402	9,152436449	765,19
20,79293779	9,034818763	458,18
18,00706292	9,232868077	324,19
15,78556629	9,320886126	524,25
17,64447024	8,720331516	387,66
17,74227857	9,370264018	994,13
17,96595804	8,691827082	875,7
18,2376776	8,44407023	515,85
18,30318963	8,316537202	905,18
18,387507	8,751206519	371,46
18,84808557	8,551186692	469,35
17,54188273	10,13429843	579,81
18,21188956	9,372834529	853,25
16,74258998	8,601161677	675,06
17,43942701	8,368582547	972,5
17,09973717	8,977006344	593,55
16,03063074	8,67650588	644,67
16,13116056	9,135165419	914,31
17,28211192	9,164285243	753,3
14,80878751	9,688149988	797,89
18,05988658	8,88336718	931,96
15,35950434	8,901240897	643,93
17,21651764	8,751311739	635,45
17,3552063	9,261191484	342,77
18,99597097	7,887836137	878,94
17,37062182	8,877140789	689,92
17,85371439	9,987364793	524,36
16,50636221	9,366858245	807,37
17,09960887	9,180589856	305,2
17,21664505	8,904858029	933,29
20,85243283	8,524326662	447,34
20,31887725	8,084735229	573,14
18,32128624	9,421942721	807,97
18,39196177	7,654167476	542,63
16,51269412	8,434296584	634,39
17,35482982	9,066190698	518,65
18,58313353	8,001475705	448,73
18,72445278	9,068781922	741,68
17,26909767	8,816387217	949,95
18,03656985	8,209341725	647,93
17,65510564	9,718487739	603,18
17,52679134	8,211104015	941,8
18,88054175	8,017070663	448,01
18,38459555	9,229861592	350,69
17,03279271	8,896436457	598,57
18,13860153	8,740563092	960,71
18,34211397	8,92472677	852,23
16,03049842	8,734525277	774,3
17,28220092	9,141852534	732,8
18,46078665	8,253872694	963,88
16,1719333	9,527781558	956,59
16,08082818	9,61143289	320,21
18,2862022	9,313819046	368,57
17,30518481	10,03953621	896,34
18,3009288	8,939590398	997,08
16,01069375	8,952608443	749,66
14,89279752	10,42925666	305,54
16,91197333	9,777997619	749,04
18,02958355	9,458665811	460,17
17,78017861	8,084202508	380,84
18,34326427	8,984933241	891,89
17,86628846	8,454921481	836,77
17,61579357	8,12401723	658,15
18,19426211	7,813257398	962,51
17,42309157	9,134260522	761,71
18,5844261	8,766215633	608,2
18,63898092	9,587897655	346,34
17,59730881	9,076210858	622,24
16,63651989	9,913532737	879,03
19,09088644	8,488866266	609,58
19,72020012	9,128562547	369,24
19,00540392	8,925436828	589,74
18,11129485	8,763205222	963,04
16,36523096	8,606876626	646,19
18,43593564	7,602601447	934,73
18,3639178	8,566303254	790,51
18,08402295	9,917009967	620,57
18,08447224	8,370183125	611,57
17,23319422	9,813701272	954,63
14,89567165	9,170145797	516,83
16,9920019	8,096143514	601,72
18,41891319	8,998804421	582,89
18,02281373	8,663884128	969,02
15,79416976	8,874618917	332,44
17,53726983	9,635844368	661,73
16,887001	9,041842103	766
20,39368825	7,686130884	618,24
15,8804166	9,087801041	784,1
17,94857873	9,991687501	859,37
19,85733242	9,369187647	442,31
18,31218328	9,32192655	513,23
18,90047069	8,9518572	474,76
18,33497011	8,470011869	703,13
17,15117824	9,442328769	898,14
18,95935488	9,229027342	737,79
17,48761065	9,012373087	933,64
16,95544387	9,622088267	569,11
16,31412043	8,943077368	344,87
19,52692586	8,332116525	323,94
17,83875222	9,060911664	960,18
17,85823277	8,619116422	962,78
17,04064246	8,791664476	794,33
19,84116366	8,384776253	701,76
17,9807878	9,719672548	915,31
17,70095935	9,582750868	744,17
17,04060052	9,323989628	362,45
18,31770922	8,565401912	600,97
17,0338503	9,979050503	579,3
17,01077839	9,577904166	969,26
19,13231394	9,602689513	611,7
18,74476663	8,662972183	628,27
18,1424665	9,332085223	365,34
18,87841266	8,74280582	993,27
16,60221967	10,00888672	977,6
18,35678043	8,448558595	328,47
18,91104875	8,764007859	745,69
18,64841709	9,546042453	954,93
20,12624231	9,244872544	753,08
17,09854969	8,854526188	769,65
18,92983169	8,908866322	608,31
16,78852266	9,275745486	323,32
19,35959092	9,261709657	670,37
17,4895042	8,65425845	464,23
19,48498542	7,887937451	380,82
20,39346238	7,768768539	432,5
19,60321715	9,682696655	582,53
18,50399256	9,52706244	529,02
17,35578978	8,397051399	795,69
19,01224561	7,861602911	361,54
16,75120821	7,972200485	896,84
17,85334475	9,881968419	473,98
15,96479757	8,512965353	400,92
18,27154192	8,990505695	529,55
19,41910143	8,118901618	909,56
17,51381957	10,07536023	860,14
18,14281075	9,507549748	872,15
16,6006122	8,940616571	956,35
18,1665653	9,474426227	854,11
20,61896921	9,131017048	770,24
17,0968565	9,059587313	467,17
17,87035451	9,879302116	952,9
16,68390946	8,935891795	763,26
17,22391766	8,863865898	822,22
17,01327614	9,429348022	591,89
18,49093924	9,558802363	716,16
17,30070251	8,943666879	923,91
18,24106655	9,007365918	557,42
19,7687943	8,613686257	655,6
18,1473077	8,884171205	786,11
17,25770918	9,337423576	763,95
19,15338847	8,56110388	326,23
18,73142087	8,150828985	308,79
18,71726774	9,757019849	595,81
16,29839101	8,300975217	906,69
19,63110527	8,862188846	860,12
17,90185775	8,024053148	486,31
17,65231125	9,088009839	442,58
18,39502202	8,890018151	398,02
17,6530511	8,624896016	585,82
16,6034984	10,12262204	612,85
16,77010349	9,010318439	739,23
16,44912985	9,069037112	326,97
18,52055932	9,379423595	731,4
17,60010015	8,765000669	585,66
15,42905113	9,298884454	543,81
20,25762762	7,89284681	968,19
18,17349561	8,948768401	953,55
20,16060277	8,721088655	874,53
17,78540966	8,443489469	380,27
18,11699883	9,598756768	302,59
19,21054007	7,880525047	536,35
19,57797125	7,561548515	446,8
16,98903498	8,103185542	631,35
14,98688625	10,28755556	534,2
16,64013928	9,431921275	592,77
16,69381326	9,471476491	734,1
17,66785771	9,350784913	350,77
19,2240614	8,385658992	936,89
16,74264971	8,550534299	474,53
18,37800172	10,07752746	635,83
18,72413142	8,033517651	925,03
17,57980536	9,358444068	591,31
18,10726264	8,912688979	705,56
17,1845738	8,446702861	390,63
17,27101643	8,034095447	521
19,58592768	8,814048537	421,7
18,65255558	9,343911677	314,52
17,96982733	7,66170358	358,64
16,94948242	9,642576181	660,39
19,57851767	8,498590744	499,82
16,86297813	8,598927465	799,78
18,50672111	10,0679274	651,45
16,58256897	8,823712219	632,63
19,16936519	9,081546795	724,55
17,59592897	10,06206855	644,47
18,10814653	8,45811992	870,23
17,717675	8,637822787	526,24
18,16326542	10,53529305	502,5
16,16635485	9,230661029	394,28
18,40433991	9,113948819	736,99
20,43555557	8,320630918	414,64
18,04897744	8,322307985	676,1
18,11100999	8,949765046	410,49
17,69711504	7,683100252	898,45
17,05911742	8,592567854	607,4
16,49261921	9,173140143	772,83
19,68372567	8,578355381	781,45
17,24606576	9,335774307	676,51
16,20403085	8,999380531	578,49
19,05402847	9,550891586	525,18
17,67656434	9,844335428	809,02
17,79207965	9,017383298	782,78
16,28254137	8,560048823	558,98
16,67004615	9,87334233	496,6
18,97331239	9,16190016	764,14
15,62959153	9,752449769	486,06
18,04594575	8,849216907	794,12
19,47533686	8,741939447	766,45
16,352648	9,155754488	792,71
19,38504464	9,063872101	925,56
18,83201574	8,683783762	398
15,8066269	9,61527968	628,14
18,66398118	8,367389152	673,29
17,05902651	8,971396893	424,13
18,66272086	8,467679934	755,28
16,26737776	9,939277174	830,98
16,19201126	9,351309941	689,96
16,36516656	8,848447482	323,45
15,84880992	9,87167577	948,09
21,04186818	7,992317091	828,21
16,57301792	8,744162287	980,53
17,59715123	8,581992194	768,34
16,23174566	9,100313063	983,88
18,08171875	8,201110833	877,63
15,34592823	9,319486223	434,26
18,28394405	9,561556401	605,94
17,88621356	9,04763472	458,31
17,41276611	9,798239548	445,05
16,65901738	8,994717908	507,94
19,83335131	8,118969166	968,47
17,36358016	9,836413263	353,04
16,39154926	9,421459597	852,98
18,09845227	8,371293181	799,17
18,88851138	9,037856879	513,61
16,29758654	8,093335802	997,72
17,75959815	8,547506693	502,28
17,46028701	9,464026082	738,98
17,62207789	9,414841517	426,16
16,76515806	10,5168933	529,94
19,01742514	9,117871014	411,51
20,63000086	8,828340111	683,48
19,70185917	8,465365649	594,41
19,44281121	8,850679066	429
16,77727261	9,280749577	370,45
16,13444697	8,0835175	526,27
16,00239761	8,963317059	535,83
19,14053826	8,727390073	666,81
18,77475153	9,771981523	825,29
17,78683194	9,552874611	810,54
19,75094494	9,079599843	815,57
18,35543109	8,990624677	510,1
17,27438869	8,276670788	306,77
17,57286871	9,730464045	813,57
16,5266438	9,027871415	986,9
16,20554876	7,951191014	987,94
16,71144822	8,772407789	889,08
15,69093098	10,05837156	513,57
18,47113398	8,111316729	706,24
19,13864765	8,438620772	312,89
18,10799673	7,844421552	885,61
21,40990276	8,834935085	528,79
19,00822808	8,60469515	339,93
19,4523146	9,151630232	828,27
16,11931726	8,954430645	990,05
18,41640625	9,611313574	796,68
18,36097379	9,995524323	457,8
19,84861947	8,480911189	512,75
16,81901144	8,784878777	436,64
17,93384037	8,459622654	541,56
16,26575113	8,750165708	618,15
16,09120785	9,643174763	650,24
15,57562576	9,227438475	799,67
18,05713557	8,184384514	681,37
19,53085307	8,032637491	433,16
18,43193227	9,299143204	641,26
18,70849325	8,549039848	526,04
18,01320073	9,871419934	402,05
18,19947696	8,568917613	698,81
18,08417187	8,649723604	333,06
19,26455353	8,216778492	643,21
15,91277031	8,849951674	469,5
17,69011507	10,11930077	466,32
16,59519603	10,2518232	866,53
19,02133219	9,534440091	417,86
17,58989897	9,049663907	971,79
16,44066852	10,37148547	804,57
18,63057888	8,393866849	628,45
18,17588102	10,31652006	809,69
17,27383777	9,256363688	708,15
17,32421265	9,571324384	374,99
18,13147308	7,511504859	659,07
17,02262867	9,707972054	950,51
18,43211973	9,014824612	600,09
17,03958516	9,486886037	312,98
16,07609877	8,780786819	955,64
19,81522839	8,288391568	771,15
18,02215731	9,756638763	368,13
17,60914294	8,968962517	322,39
15,49790752	9,309260413	596,84
17,53224082	9,711281918	395,18
18,10556161	8,906971907	442,42
16,83022292	9,488360491	618,13
17,69608174	9,570959666	987,2
16,46521954	9,820289924	320,33
16,20740715	8,676999103	611,4
17,18826015	9,360247354	680,83
18,22461477	8,299897077	313,93
19,14357442	9,73031512	708,65
19,8675772	9,266147506	946,09
17,95845083	9,262702	817,38
15,58558111	9,302784773	962,6
17,3648876	9,429461542	332,56
16,21938558	9,523505982	700,72
18,73814448	8,748267457	854,28
17,00515869	10,72617042	968,03
17,15563791	10,33082995	815
15,75994749	10,06590271	963,48
17,29464939	9,563745005	518,85
18,92598582	8,435234025	919,39
16,80701206	9,542614836	896,05
18,65136172	9,47042582	706,27
18,36932218	9,160899655	781,28
17,94285288	8,193999048	401,81
16,27215905	8,413731287	818,07
19,32674664	8,643250135	772,09
18,27351523	8,338896812	448,77
16,94626712	9,816969851	842,56
16,76242998	9,657146605	406,71
16,84552718	9,120382951	698,49
19,31273502	8,351499214	552,32
19,4151935	8,490671152	900,91
16,99757509	9,091415499	951,29
16,64536534	9,711723267	530,52
16,84760708	10,62859403	753,48
19,67652336	8,957228336	584,48
18,59052009	8,613194938	955,27
16,31645889	9,602815471	424,88
15,30922468	9,165800565	866,2
16,85039247	8,955954879	600,14
18,56774933	8,714475998	863,28
18,41374673	9,038859972	394,22
18,43006643	8,945208175	520,46
18,28555629	8,593264497	736,1
17,00568834	9,384803966	673,43
15,15867219	9,583105515	894,32
16,48990555	8,767997328	840,83
21,37532534	7,687000446	574,36
19,70068254	9,129248299	641,16
16,68695324	7,601759989	908,05
16,71984394	9,301410973	534,48
15,31934035	8,55862968	615,65
18,55136809	8,496357632	515,99
18,00898063	9,613769025	422,77
18,80954226	7,946588204	437,79
19,08354211	9,879644868	920,18
17,04536157	8,087576223	437,57
17,3840931	8,299190692	376,1
17,45981678	8,490317906	840,33
17,55540877	8,18088186	400,04
19,55900928	8,761696444	639,73
18,05135997	9,717652017	902,66
17,19104888	9,495238492	708,53
19,30372424	8,805255208	893,71
17,24736824	8,29314868	825,83
17,37262497	8,166636137	706,7
18,51115701	8,498295938	838,83
20,3203483	8,89902224	625,27
18,85256288	9,229489875	973,03
18,08804265	8,141649043	799,67
15,71288758	9,000582338	373,48
17,07720913	9,112630774	870,06
16,250741	10,10264936	510,29
20,58084243	8,141321313	742,69
17,80179745	8,013058644	614,71
19,16153856	8,685803445	519,66
20,30167825	8,047673142	925,64
19,54806837	9,120345053	793,85
16,19789007	9,313663397	778,72
19,01575224	8,266796968	351,54
18,41376466	8,467660994	606,2
16,30061536	9,221176339	313,07
19,03189049	8,185257149	781,81
19,34103851	8,189479312	434,91
16,9643193	9,413562294	986,61
17,63307789	9,219919809	596,83
18,16965019	9,49730186	872,75
16,22390166	8,971262854	947,58
15,56725075	9,80430703	463,49
19,82298963	9,531255124	978,51
17,09254386	9,099379832	790,05
16,76026457	8,806182725	640,92
17,70292017	8,426624489	592,19
17,56278691	8,670532506	596,97
17,39601458	7,818802694	333,83
17,4670535	9,305968485	438,09
17,83560926	9,529073562	744,56
20,25208249	7,372151598	702,87
17,87211419	9,096985362	575,05
19,39352553	9,123229473	776,98
19,02507577	9,558595751	855,96
19,29659652	8,113206962	788,37
16,00396511	9,288613143	954,04
17,87846533	8,925263449	755,7
18,35550731	9,134117223	784,5
19,36760594	9,315840971	701,49
17,70453748	9,075706509	346,13
16,18178348	9,615231447	690,96
18,53793868	9,411335115	807,09
19,04476094	9,905136111	529,17
18,04702758	8,634365803	323,53
18,38929551	8,530150084	592,8
19,2890673	8,443700876	704,07
16,42116133	8,270223458	386,38
18,56772392	9,871431769	318,49
15,94458477	9,729385507	958,26
19,39925459	8,1055262	455,79
18,68425815	8,649067476	773,01
16,81898161	10,10420922	396,53
17,52022995	8,414847575	453,08
19,6489489	8,859458431	944,96
19,06646987	8,443322947	397,38
17,93374143	7,575080083	303,21
18,25932044	8,881970549	741,27
17,57285068	8,544630732	549,34
19,53229302	8,607709314	554,55
19,4075667	7,717710932	910,16
18,38085616	9,774498547	993,34
19,9862646	8,59695806	817,05
17,74184772	7,983351214	963,46
19,69942931	8,500396747	387,26
17,43908186	9,452977392	533,53
15,55739212	9,594015003	975,57
18,42862882	10,05545663	315,61
17,41233176	9,484650985	556,15
19,32984312	8,967736098	827,04
16,10107385	10,27374266	494,43
20,13026457	8,747233723	889,52
17,5224152	9,368888609	726,61
19,10178551	8,301047127	775,14
21,97923939	8,724711888	895,27
13,8712949	10,44433691	859,82
19,83823264	8,155911251	684,61
17,8257916	9,490925032	483,47
16,08992289	8,852326589	566,34
19,5345932	9,005994573	929,51
19,48780587	8,487742904	964,67
17,76258652	8,963312572	304,04
14,43063206	10,9282656	669,23
18,48755293	9,135103453	595,49
18,35506822	8,495354302	317,51
19,35585031	7,941381394	914,34
17,84982642	8,936326505	862,46
20,36304433	8,386707978	618,2
17,54732741	9,37275549	612,26
16,08149188	8,920432096	965,15
17,61202542	8,224529778	398,38
18,10092353	9,332514011	592,84
17,03500844	8,957544908	635,74
17,38790566	10,05591946	945,66
17,99585755	8,742359375	872,38
16,0903619	9,650338292	725,81
17,43603116	8,575823107	481,24
19,33103635	6,852213985	335,62
18,85878838	8,606635546	407,92
17,29071563	9,551028142	961,57
18,28388049	8,271625703	645,49
19,31831623	8,720909641	816,3
17,30030163	8,53064835	738,79
16,43721598	8,707026787	715,69
16,67962201	10,01790916	744,87
16,61095795	9,428427674	797,52
16,84733075	9,446899362	973,5
18,21707154	10,15805681	417,34
17,42975845	9,241936752	744,76
16,97687669	8,835962875	406,81
18,44299313	8,566104592	829,66
18,3273215	8,555350514	824,8
18,60018835	9,726323667	471,45
16,7601965	9,42820973	784,25
17,88616522	8,793545011	480,86
17,2085732	9,326553455	320,19
17,89346112	8,742489745	471,15
19,96610623	8,281535978	761,99
15,84625753	9,112252677	424,41
17,78796485	8,291389157	968,77
19,25338643	9,088127191	636,26
17,7069219	9,709312016	549,2
17,5455406	8,429824342	542,87
17,00989536	8,973698947	983,71
18,48430906	8,752944317	933,84
17,26392237	9,454910781	377,34
17,18799589	9,13286816	549,15
18,96905032	8,79682825	685,61
20,19228347	9,087308085	799,96
17,50208181	8,930474026	351,74
19,30288382	8,336418091	745,82
17,34844592	8,786107987	783,7
18,96048619	8,214759109	762,15
17,96376584	9,019712315	732,58
17,86691694	9,333361662	684,15
20,24309054	8,784265008	576,87
15,43213816	9,041908989	543,42
17,40949077	8,71759507	524,87
19,23577188	9,798366908	412,92
19,52065954	8,356488305	975,08
16,95986987	8,863423886	794,92
18,3329577	9,277057283	551,9
18,61844188	9,826475011	785,92
17,74759054	8,364617218	894,06
17,92538779	9,856968847	560,93
16,16386233	9,462685308	752,36
16,84726315	9,821232367	392,89
18,29413442	8,845256222	735,08
19,89430735	8,773515433	388,47
18,3991122	8,749159561	930,33
18,49037107	8,854587775	715,05
19,05439115	8,506910611	426,85
18,80380408	8,879396478	932,88
17,7336655	8,776989112	766,45
18,51966909	9,583487469	673,34
17,98944557	9,152773243	788,73
18,32317569	8,641065565	796,72
16,43979751	9,731667541	342,03
18,61574312	8,932866885	678,15
16,57274556	9,331672973	829,73
16,8905352	9,501373605	782,84
18,83072972	9,196976957	961,57
17,92131054	8,121853208	803,1
18,1487327	8,546677182	754,71
18,5099544	9,10109524	547,48
21,31245822	8,279072778	849,15
17,33569611	9,631268845	507,81
16,53925322	9,075185136	612
16,3780685	8,067343421	678,86
16,13212823	8,606949392	403,37
18,76982839	9,496749499	990,13
19,88456577	9,332729677	872,65
16,33619667	8,852062706	966,37
19,03334854	8,872360834	937,04
17,50685647	8,992508681	486,78
20,0940137	8,354874798	434,78
19,42436113	9,884906383	949,53
17,83220679	9,713293321	765,86
18,25710408	9,383747146	664,12
18,6825553	8,350616076	814,43
17,70545395	9,403289014	351,37
18,8775153	9,691296979	775,56
21,68472424	7,800324231	322,97
16,02790144	9,506068209	310,94
19,80796657	8,739306606	621,47
18,32779328	7,985948916	305,36
17,01902702	7,145929899	331,49
17,46539413	8,546159953	922,02
17,67012688	9,057634963	400,51
18,79772009	8,701538582	985,69
19,33930098	9,355845812	465,59
16,8251574	8,177170029	909,49
17,67710371	8,687781338	397,4
15,91310034	9,953278376	445,89
17,18365291	8,597718483	984,96
17,92510243	9,144915483	865,97
19,59866226	8,921869463	801,01
18,18509997	9,123567784	373,16
17,74686318	9,42710545	505,85
16,22751437	9,418536658	478,49
17,23192562	8,892049383	853,87
16,54030391	10,64341537	601,57
19,16660063	8,57196323	493,66
17,54793028	7,704037189	730,98
18,83964913	8,626123608	327,96
18,15545377	8,847809455	723,02
16,02806839	7,943725587	394,93
17,97119449	8,564436362	778,76
19,75857433	9,161125728	945,72
17,39375181	8,614911783	609,95
19,7179169	8,870563648	362,21
19,00510064	9,008306935	313,07
20,04807729	7,941606479	460,7
17,20758162	9,130937642	306,94
18,27786044	9,807388997	612,27
18,40994665	9,357802237	744,52
19,48210908	8,238247917	855,76
18,80411407	9,255185142	878,36
17,13219077	8,735921436	684,4
16,99179004	10,11343043	769,57
18,77857664	9,677285714	435,31
19,7658644	7,608970212	614,79
18,2397993	8,579135974	825,76
20,69615028	9,346449545	654,32
17,57265261	9,908965805	420,04
17,07774965	9,08106293	826,62
19,9219866	8,407352775	898,01
17,86519801	8,99334733	340,36
19,96640121	9,016497231	536,96
19,11190692	8,895553028	475,61
15,57421361	8,949890062	849,03
18,86981525	8,691735564	981,55
15,06732706	9,331466631	497,15
17,37574503	7,376840632	553,36
18,09659215	8,41179676	659,02
19,91992524	8,661778733	481
16,73050445	9,258863857	952,6
17,48980776	10,42675354	927,04
18,79019448	8,448053212	781,34
17,67693134	8,14680656	851,66
16,7519211	7,708310362	502,92
19,81307091	9,960543065	487,67
19,48474364	9,703292009	461,02
18,4641322	8,333775365	856,75
18,58549564	8,724638269	346,17
18,34001659	8,598697846	958,8
17,56991971	9,110030798	848,15
17,11351028	9,717652796	555,88
19,14696582	9,034515385	487,45
16,69078533	9,661358423	556,8
18,55663579	8,570179281	701,05
19,55636919	9,01454105	411,09
17,16276773	9,396684811	527,25
19,32358307	8,913856764	504,94
19,49222227	7,633576235	975,17
17,79138898	8,036567873	915,82
19,28331604	8,989842201	773,18
16,17801981	8,819402461	976,94
18,87314802	9,6269576	407,91
16,994117	8,922173113	395,95
18,56057844	8,34198959	734,15
16,68298215	9,581702407	849,64
18,3333426	9,050249326	871,2
18,99251602	9,475970233	548,49
16,61219768	10,16343351	540,89
18,1897743	8,318070297	856,44
17,03049524	9,456251518	989,59
20,12543932	7,931390019	504,26
18,04292316	9,200661308	790,31
18,86425054	7,715930733	319,55
18,92403805	8,609315781	458,52
16,68194138	8,975932575	527,3
16,40856358	8,939962601	788,02
16,56252636	9,8477129	577,44
20,23225452	8,642844204	625,45
18,20458914	8,998169558	521,62
18,21974386	7,944381415	350,4
19,41012437	8,100326934	360,59
17,09236031	9,132285445	471,35
19,59653777	8,761428195	535,5
17,16094908	10,10066793	506,76
16,08833795	9,374679855	735,24
18,07647312	8,36355291	632,97
17,55483651	9,242741035	795,8
18,87918453	8,715596181	984,51
17,56851586	8,588638814	402,38
18,24545047	9,79058753	794,04
17,63981882	9,143790419	740,16
16,79969661	8,941779137	772,03
20,05686449	9,404068099	388,21
16,348627	8,784055397	797,1
17,89630298	9,756111869	366,97
18,27106259	8,469060177	922,25
18,69803947	8,99914653	889,02
18,15585272	9,50051801	777,52
17,86661522	9,004063874	878,2
17,06569196	9,270047027	402,78
19,97736095	8,068746579	993,64
18,34906928	8,077987356	334,18
16,69412953	9,574968473	822,88
17,79633128	8,468648201	456,15
18,2870842	9,061485321	776,15
16,47889301	10,94927531	406,26
17,75702321	9,650559355	522,3
18,34307245	8,225073623	816,47
18,05814737	8,196638115	432,04
18,36955189	8,371758157	628,8
18,26661635	10,01296681	384,84
19,2652108	7,706175641	735,2
15,66024902	9,54030087	823,38
16,63658628	9,733210629	616,32
19,50359331	9,359052551	952,81
20,29408505	9,294087707	429,63
17,27272468	9,907590916	672,5
17,21432251	8,326280455	542,09
18,24356275	7,953076258	989,08
15,870067	9,235614481	335,22
15,96659012	10,45805345	314,57
17,50906753	9,053272206	985,02
16,64472429	9,168723344	736,94
20,29425408	8,807791325	558,47
18,797964	8,586515796	762,48
16,585564	8,817447937	910,19
18,55473626	10,05363794	812,4
18,22345797	8,961373114	996,65
18,21930482	9,070083075	934,45
20,63373499	8,336217148	992,17
15,44071398	7,90704098	516,34
17,60896282	8,617349123	895,26
16,04236593	10,14964414	779,06
19,39723196	8,762150014	590,93
17,56555649	8,719992733	434,47
17,73136696	9,376757755	751,05
16,20656345	8,226491078	356,52
19,72470664	8,615539088	526,88
19,70169615	8,793510172	348,97
19,19195747	10,11077988	557,22
16,66601596	9,380198905	415,98
17,34868293	8,435614507	980,31
18,88543358	8,729686286	868,11
18,16817172	9,389273947	438,48
18,45104878	9,091730119	868,47
17,97731543	10,34330622	645,79
15,75754984	10,2741531	942,56
16,64686079	9,383613646	665,89
19,56474699	8,475145614	793,38
20,61833064	8,674384858	624,85
16,19715957	9,917530248	474,6
18,30446182	8,995987644	674,68
15,50044011	10,37515821	337,05
18,96777353	8,977040316	301,51
18,19312402	8,982648035	829,16
14,64721847	9,218594844	519,67
18,94155125	9,899114411	433,58
17,6606679	9,149327158	681,23
16,65864407	9,669302849	646,32
14,56946722	9,748724726	867,93
18,21146825	9,43738291	459,64
17,51789461	8,411939493	546,68
20,23203274	9,089885737	351
19,12158926	8,9782498	780,34
19,83235927	8,191891859	719,54
17,2807261	8,051983589	756,92
16,16136903	9,053084869	502,26
17,8697647	10,43340707	494,32
21,38911629	8,157274131	827,16
18,06687676	9,573050604	335,63
17,49713694	9,104211229	516,57
20,1764363	8,852289398	925,19
20,06379691	8,167681062	372,22
14,21490972	8,413375244	416,58
18,23217064	9,720437963	664,57
18,32634316	10,00183224	353,87
17,77671167	9,321480816	326,81
19,84445634	8,824676781	350,94
17,68159007	8,575023446	422,03
17,89966501	9,872439005	912,89
16,61117211	9,035906629	364,18
18,59789206	8,500896927	734,78
19,37240846	9,670181553	532,67
16,3759885	8,833245254	737,91
18,72457898	8,348113948	446,05
17,12607264	9,547709678	423,69
20,60286251	8,878603506	336
16,64786744	9,079773585	483,14
17,64823713	8,59459972	991,72
17,90454799	8,527377019	717,71
16,15878977	8,742053626	325,72
17,29676832	9,503319135	362,07
16,88889287	8,697696439	649,53
16,64643596	9,053462992	793,93
16,70965632	9,125314721	553,96
18,19413085	8,950577486	774,03
16,57146678	10,41982118	739,93
19,14137635	8,501970776	625,86
17,70259561	8,607524389	444,15
19,59307086	8,735220507	852,58
18,79090334	8,539478661	471,41
17,14188718	8,520052094	497,08
17,86413141	9,171485634	836,04
18,2653366	9,089800599	350,81
19,09462897	8,256783988	681,84
16,48638415	9,643435742	396,02
17,84449046	8,734472914	989,44
18,96767553	8,345223473	939,02
17,29766149	9,139914776	429,3
18,17130203	8,743496473	943,21
19,07521014	9,920774425	756,52
15,86464264	9,408327224	817,92
17,9810763	9,871204886	693,2
16,40788469	10,13384167	693,96
17,8728585	8,619750593	858,21
18,33312255	9,29878579	819,39
17,83892067	9,536157521	721,18
18,9694118	9,280695037	718,36
21,39938684	8,172872996	460,42
17,38836613	8,925440213	690,59
18,98195481	9,295869605	418,17
20,03520793	8,270135972	897,08
16,09414347	8,878886137	614,98
17,67545742	9,445222326	681,52
18,55653873	9,16722323	695,6
17,19996514	9,219411687	481,06
17,77694194	9,10237563	858,46
19,53457726	8,924708131	919,76
15,85799271	9,226297429	806,12
19,94484676	9,339514095	404,09
18,39408077	9,17235324	921,23
19,11984007	8,122007908	837,15
18,27191974	8,43169723	714,69
19,66735991	8,903260951	547,9
18,79189508	7,511522513	410,75
19,87706287	9,097438494	648,54
18,30668439	8,22224416	761,61
18,5173403	8,479261479	546,57
18,79591086	9,082481782	905,2
19,84684359	7,844069419	512,89
19,1510475	8,444219015	351,23
18,35469555	9,576098628	774,44
18,68503718	8,537225249	718,55
17,66890598	8,53674351	975,87
16,10591642	9,657071594	498,19
18,81083924	8,764761533	561,65
18,20702982	8,700380279	871,74
18,10351492	9,385974615	624,12
18,84013401	8,701266261	987,83
16,37315486	8,09602072	467,26
16,65318246	9,353039535	944,91
17,88530959	9,049063906	555,49
18,53474286	8,990865842	699,74
17,09182177	10,60780988	450,31
18,97432867	8,179931017	962,92
16,94370121	9,704493585	945,83
18,15956424	8,294782561	641,62
17,40260098	8,876880345	307,16
18,06642347	8,795966877	444,81
17,52732515	9,28296128	963
17,33902559	8,410994319	377,67
18,38149187	9,508132458	515,47
18,36931672	9,997690562	577,79
16,95746258	9,032318297	377,51
17,32362577	9,489676355	568,25
18,05432774	9,168884418	871,02
20,13050386	9,114028149	711,18
17,14910464	8,997696591	933,38
16,29805075	8,868923712	766,07
19,0526251	9,065387099	399,01
17,57761967	9,827704637	345,74
18,4976697	8,540919958	467,38
19,84761736	8,367048954	376,07
15,49241424	9,180389021	544,85
18,96134921	8,46274782	561,3
16,97147107	8,714877729	913,91
19,53767398	8,910025524	961,75
17,18869811	8,504663524	528,91
17,57695226	9,87368989	410,53
19,64693086	8,245972115	421,66
20,69566051	9,577523855	327,9
16,74035052	8,980909678	807,85
17,87860172	9,027790267	747,85
17,46505528	9,283281279	375,15
17,71123563	7,487993216	865,91
19,18040964	10,02832843	406,4
17,4742248	7,778590032	403,47
15,71061534	10,12078939	576,31
18,89201932	7,362305671	380,84
16,9138062	9,573871535	678,74
18,71939973	8,76651581	669,92
15,86618153	8,518921931	957,24
19,1617054	8,730958551	997,7
18,10917245	9,563498927	788,14
18,45043004	9,573159352	648,64
17,52835586	10,06330341	734,4
17,50685988	8,404768093	691,68
18,61092791	8,614472619	410,41
19,94662928	9,186443178	649,13
16,16467845	9,07430786	886,63
14,77433488	8,770692655	907,5
18,85990158	9,372966165	519,11
20,45241621	8,751452888	366,44
16,69455469	9,519282977	792,15
16,7100178	9,127031294	975,38
18,31718597	9,320039868	304,55
18,27491475	8,830728	457,4
17,6922288	9,298598396	845,62
17,56494856	9,033333199	514,92
20,49633667	8,983900916	941,09
17,38157786	9,975180891	794,71
17,8870856	10,07383829	677,38
20,19277521	9,598753382	744,98
19,44290871	8,087044202	500,87
18,53257887	9,642731225	584,67
17,74242058	7,770741449	361,54
20,16469071	8,902038382	997,11
17,08488942	9,317210741	399,44
16,23601439	10,33179452	703,37
19,09885785	9,085703509	641,4
19,14921581	9,245927041	406,83
17,82362952	8,18716699	723,13
19,83479987	8,390766667	357,62
17,755418	9,466178983	659,47
20,85659343	8,985883176	735,26
19,36546354	7,997061382	530,24
19,94936494	8,755351517	459,87
19,08852438	8,888181038	431,39
17,82184624	9,28645922	902,81
19,28359812	8,944771465	937,93
21,77944388	8,381575968	658,15
15,91815539	8,624265378	311,03
14,29070319	9,498419289	469,01
18,59827005	8,326581102	405,4
18,91139366	8,947211825	362,99
17,69294378	8,932112336	427,31
18,02433188	7,603259357	966,36
17,73872016	9,552665571	754,56
19,52983747	8,833604142	978,56
16,73836756	8,994878928	720,8
16,99411828	8,780059778	816,13
19,70361696	7,476086917	688,65
19,39345658	8,830899348	617,01
19,33113253	8,607596195	381,69
18,28379397	9,067257297	634,36
19,92869448	7,347842482	748,99
18,94541984	7,890984093	893,42
18,26045407	10,19088493	959,35
16,8651717	8,920655365	535,39
18,93589505	8,24995027	578,49
16,11849076	9,693224181	682,16
17,48461638	9,028909702	640,34
18,419549	9,497933518	862,54
18,29638546	9,517380893	347,96
18,59926372	9,07716731	907,93
19,22678883	9,645681599	478,11
15,6913617	8,944223285	835,61
18,67784044	8,109851382	913,77
18,15098132	9,892196964	742,27
16,8322645	9,650489148	629,76
17,095862	9,056369585	898,63
15,74019908	8,699885299	322,9
17,88857165	8,773859337	345,97
19,47478883	8,722232218	507,92
16,59658012	8,171396485	460,33
18,89172536	9,075542486	450,82
19,51833272	10,36198316	597,28
16,1994447	9,997092786	852,78
18,90012766	8,528165053	866,49
20,24828397	8,874902126	849,85
17,16224806	9,946828988	918,14
18,60274525	7,978205658	562,97
19,43953529	8,963447668	962,74
19,37851954	8,406244584	789,62
18,59534681	9,301033158	525,02
16,82064571	8,166277511	944,41
17,64833639	8,776165174	922,3
18,40696175	8,553778636	711,38
17,36519798	9,586535078	738,73
18,61139796	9,368079554	839,73
17,81868976	9,576410685	710,68
17,28010678	9,106991627	745,95
18,66736934	9,054493892	630,37
19,29493829	9,757041748	819,81
17,4489731	8,785883929	727,86
19,20469984	8,541222118	642,46
20,07805204	9,287653061	850
18,52041964	9,431433428	658,98
16,68592612	9,804899263	922,2
18,19598282	9,236192223	788,29
16,97124653	9,309283269	306,8
20,84574195	8,328494176	330,69
17,57401592	8,406509709	965,95
19,97763724	8,597409725	306,47
18,76396858	9,479839207	898,32
18,05732429	8,434680047	466,32
15,92766491	9,997418509	576,83
19,36190171	9,46615712	802,35
17,53527609	9,196619501	729,44
18,00515355	9,000716763	383,05
19,5483019	9,627685269	908,29
18,16200795	9,579263301	760,81
17,07061222	8,594650135	963,71
20,02753855	9,594171348	666,43
20,20156361	7,059631573	910,32
17,89867743	9,386964599	362,77
18,14335541	9,440536798	815,12
18,01313357	9,355891178	906,33
18,13871958	8,627735049	491,59
16,84289044	8,886276606	840,74
17,990065	8,854977478	323,81
17,16784486	9,105560418	643,97
17,0135439	7,634781959	602,19
16,49011908	8,898540206	491,64
17,7208194	7,723713658	707,11
17,55971129	9,195954755	455,43
19,1894503	9,220437136	423,76
17,21253632	8,847764443	464,07
17,11274953	8,88954094	922,22
17,02353998	10,15880214	509,66
18,54104639	8,373030963	943,13
18,40119227	8,871899644	876,27
16,94026064	9,783304059	827,33
18,78089075	8,625609959	575,19
17,8907084	8,527703663	476,58
16,59704402	9,578640678	449,89
18,87512206	8,709411928	796,7
15,77289989	9,752637022	445,21
19,29040792	9,076352823	611,57
18,04029191	8,989079969	310,65
18,46187634	7,976878841	363,15
17,72962226	9,490648633	632,56
17,56499367	8,634805972	935,17
17,77144619	9,432126826	387,85
17,80118225	7,976652853	610,99
16,93058103	9,159181255	741,04
15,60302952	8,697684073	511,03
19,00462155	8,975563454	614,49
16,77424432	8,537798215	856,23
17,97344678	8,793233471	584,16
17,27471673	7,682776709	500,84
17,79918425	8,672474548	753,37
18,42806805	8,819311758	335,82
16,14484652	8,873596933	615,71
15,88938905	8,837168383	891,77
19,90484456	8,567789606	361,37
18,29350997	8,286883934	881,06
18,10693815	8,585945871	612,22
17,59144788	9,511127782	572,08
18,04839612	9,011758717	617,98
19,30479234	8,647891368	603,1
16,83174671	9,23686093	470,31
16,61047934	8,607636478	494,43
18,7696322	9,112871561	664,71
17,28244257	9,682195821	515,83
17,65107814	9,732993721	700,03
17,43726146	8,391533535	746,62
15,30679582	9,49346106	529,42
20,18613209	7,881028465	895,94
17,54439158	8,691169003	361,92
20,72954877	7,836992518	810,67
19,10177018	7,504498107	499,16
19,36674618	9,328139417	695,48
17,43929638	9,144649827	330,98
16,19024937	8,25885359	331,99
19,54370397	8,236073911	878,74
18,2147242	8,44483994	757,65
19,29932602	9,373521579	399,53
17,27473456	8,332704438	680,67
18,48281791	7,951432891	761,04
19,05690763	8,420693627	510,67
19,22672598	8,552837889	751,42
18,69562407	8,676058266	729,4
16,46772062	8,920774247	759,18
17,12679199	9,626824317	348,45
19,12485269	8,853945202	377,69
17,16631162	9,485449091	877,71
16,41293426	8,207533603	690,76
16,66659225	9,257983931	801,28
19,06960259	7,877426747	989,68
19,37855279	9,28786841	309,4
20,28352246	9,539082251	686,97
18,39046468	9,570062469	633,71
17,89543266	8,167607963	928,76
15,04735052	9,2834548	795,37
18,33285353	8,552392129	716,09
20,2279111	8,26706317	624,61
17,48281155	9,785901096	650,84
19,48959229	9,342140358	949,28
20,13123997	8,183608938	322,65
17,19178043	8,386912027	811,05
19,03806035	8,766010683	762,88
17,7896964	8,779638175	350,77
19,89493046	8,530056988	792,58
17,7513442	8,782051959	359,65
19,96502892	9,899130064	419,04
18,65478126	9,002938441	532,43
19,64292197	8,796617605	448,82
16,53223307	10,41231713	788,38
17,90012732	9,022600134	548,11
16,61916681	9,302115032	699,16
18,43967494	8,655692315	798,47
16,83220601	8,286796703	373,03
17,76781894	8,97641711	771,34
18,15773743	8,969811517	886,6
18,84846429	8,927013323	658,36
17,74064025	10,32450927	668,05
18,7572248	8,057494255	469,6
17,46939554	8,531742189	696,49
14,86933763	9,466821762	668,5
18,81251084	9,566377279	976,44
17,47664717	10,04509846	853,53
18,7403081	8,385060347	425,86
19,15269063	7,950526473	406,3
18,16683663	9,11491162	603,51
15,45421915	9,099898097	983,39
17,47300944	9,178049485	915,86
19,20652923	8,460830795	734,29
20,69762637	9,268808782	797,62
16,59373884	9,954062392	569,62
17,90046449	9,630294068	950,13
19,11136575	9,780332016	580,35
18,8790576	9,503342472	691,85
17,77995472	8,927547767	841,47
16,91368529	8,85002877	532,02
17,46745335	9,503239103	703,81
16,36857093	9,090611221	892,61
19,22155967	8,06667008	370,97
14,47262098	9,167267261	413,77
18,41165718	8,880462633	737,97
17,74461804	9,522284402	327,09
18,44566157	8,728815205	855,72
19,63329956	9,031237731	720,26
18,40973398	7,058176049	313,28
19,62784742	10,15204204	891,36
17,61908897	9,148003318	332,96
15,68108306	10,29433684	973,22
19,98727099	8,408619649	878,28
17,60903842	10,72756257	602,25
17,96895884	8,634973058	556,07
16,52419392	9,359249024	445,78
18,53291156	10,3353055	686,43
16,88689732	9,680266162	724,18
17,67757337	9,82653739	470
19,69498105	8,660811479	894,42
17,64623129	8,99719844	676,29
19,77051154	9,317061162	697,51
16,39074192	9,238896971	712,27
18,59786712	8,268531756	838,68
17,60536956	9,07714191	312,64
18,63479641	8,609718782	772,85
16,87561516	8,751844479	379,42
19,32457438	9,084645839	585,42
19,63429328	9,220185576	879,24
18,73085828	8,694332636	537,61
16,58734178	9,567783439	902,45
18,17899144	8,870285261	848,86
20,47612492	7,323887394	840,06
19,62806094	9,319512245	552,68
17,75870859	9,93893614	469,35
16,76144052	9,304210744	773,25
18,61833791	8,107442957	666,49
17,45140297	9,04849567	489,84
16,88646739	9,220461693	337,12
17,04046049	8,914820676	474,01
16,59958162	8,815963068	925,07
17,31912628	8,574987428	714,18
18,24550732	7,932651258	548,94
17,82179298	9,64705839	751,43
18,19284276	9,643579117	308,51
16,78204117	9,317622047	466,09
17,41825824	8,477237468	421,44
18,65190293	9,409916386	937,87
17,32773187	8,609013819	680,47
21,45814423	8,238308315	303,74
18,8647234	9,560110094	670,32
19,7327102	9,34096954	938,38
18,47234676	9,053575232	482,66
17,04573895	9,259203814	336,59
18,30087162	9,477548716	817,45
19,20416271	8,612162415	902,8
16,64970248	8,848094211	333,18
17,29919566	9,229030986	479,7
18,73509632	8,627512769	379,14
17,17149408	9,832826757	480,57
16,70241961	8,960707201	407,58
17,52726505	9,027243625	968,46
17,60877805	8,486370246	831,83
17,67045426	9,858343584	794,83
17,08613158	8,564642013	896,1
17,66568063	8,296587169	783,51
16,17833701	9,233534134	597,14
16,75097336	8,600193324	906,61
17,33561994	8,552675661	547,35
18,54805324	8,529501926	959,53
17,04063603	10,12471714	492,06
19,39993225	8,651035969	466,63
17,28480946	9,263904594	740,76
19,76077156	8,757989963	704,11
18,44097056	9,480880592	849,62
17,27112985	9,803132168	471,04
16,22610281	10,32910299	351,76
18,04418035	9,858088574	865,23
17,2272682	8,401628799	513,4
17,96508407	9,038557994	601,59
19,61141469	8,14888102	392,79
18,31267648	8,320295906	490,18
